Type,Name,JDate,Lat,Lon,Magnitude,Origin,Depth,Duration
AI,12 LM,2440546.4286689814,-3.94,-21.2,0,nakamura_1983_ai_locations,0,0
AI,13 S-IVB,2440691.548391204,-2.75,-27.86,0,nakamura_1983_ai_locations,0,0
AI,14 S-IVB,2440986.8200810184,-8.09,-26.02,0,nakamura_1983_ai_locations,0,0
AI,14 LM,2440989.531550926,-3.42,-19.67,0,nakamura_1983_ai_locations,0,0
AI,15 S-IVB,2441162.374097222,-1.51,-11.81,0,nakamura_1983_ai_locations,0,0
AI,15 LM,2441166.627511574,26.36,0.25,0,nakamura_1983_ai_locations,0,0
AI,17 S-IVB,2441662.3560416666,-4.21,-12.31,0,nakamura_1983_ai_locations,0,0
AI,17 LM,2441666.7849537036,19.99,30.51,0,nakamura_1983_ai_locations,0,0
MI,,2441320,70.76,2.71,0,gagnepian_2006_catalog,0,0
MI,,2441450,1.2,-16.49,0,gagnepian_2006_catalog,0,0
MI,,2441529,23.42,7.23,0,gagnepian_2006_catalog,0,0
MI,,2441558,15.19,20.57,0,gagnepian_2006_catalog,0,0
MI,,2441951,28.16,37.94,0,gagnepian_2006_catalog,0,0
MI,,2441955,33.14,137.69,0,gagnepian_2006_catalog,0,0
MI,,2442040,-17.94,-20.74,0,gagnepian_2006_catalog,0,0
MI,,2442156,7.64,-34.55,0,gagnepian_2006_catalog,0,0
MI,,2442245,20.35,6.49,0,gagnepian_2006_catalog,0,0
MI,,2442372,-8.88,21.73,0,gagnepian_2006_catalog,0,0
MI,,2442396,2.44,-8.07,0,gagnepian_2006_catalog,0,0
MI,,2442476,-49.93,3.42,0,gagnepian_2006_catalog,0,0
MI,,2442514,3.14,41.61,0,gagnepian_2006_catalog,0,0
MI,,2442536,-36.4,-121.3,0,gagnepian_2006_catalog,0,0
MI,,2442790,-38.17,59.78,0,gagnepian_2006_catalog,0,0
MI,,2442926,-14.33,-8.95,0,gagnepian_2006_catalog,0,0
MI,,2443096,21.54,-85.07,0,gagnepian_2006_catalog,0,0
MI,,2443250,-18.5,-59.98,0,gagnepian_2006_catalog,0,0
MI,,2443322,-9.82,-73.54,0,gagnepian_2006_catalog,0,0
SM,,2441577,11.99,49.33,0,gagnepian_2006_catalog,10,0
SM,,2441657,45.84,36.81,0,gagnepian_2006_catalog,2,0
SM,,2442239,25.01,87.09,0,gagnepian_2006_catalog,130,0
SM,,2442415,27.41,-90.57,0,gagnepian_2006_catalog,0,0
SM,,2442424,64.83,56.25,0,gagnepian_2006_catalog,68,0
SM,,2442456,-16.15,-24.62,0,gagnepian_2006_catalog,118,0
SM,,2442781,42.28,32.12,0,gagnepian_2006_catalog,124,0
SM,,2442843,50.23,-24.76,0,gagnepian_2006_catalog,63,0
SM,,2441058.792303241,48,35,2.8,nakamura_1979_sm_locations,0,0
SM,,2441092.225810185,42,-24,2.0,nakamura_1979_sm_locations,0,0
SM,,2441144.058854167,43,-47,1.9,nakamura_1979_sm_locations,0,0
SM,,2441319.4372685184,54,101,1.9,nakamura_1979_sm_locations,0,0
SM,,2441578.108275463,12,46,1.0,nakamura_1979_sm_locations,0,0
SM,,2441658.4641203703,51,45,1.4,nakamura_1979_sm_locations,0,0
SM,,2441660.659895833,-20,-80,1.2,nakamura_1979_sm_locations,0,0
SM,,2441722.4528935184,33,35,0.8,nakamura_1979_sm_locations,0,0
SM,,2441754.8309027776,-84,-134,3.2,nakamura_1979_sm_locations,0,0
SM,,2441854.3486111113,-1,-71,2.2,nakamura_1979_sm_locations,0,0
SM,,2441956.6652777777,-37,-29,1.1,nakamura_1979_sm_locations,0,0
SM,,2442102.3866898147,36,-16,0.7,nakamura_1979_sm_locations,0,0
SM,,2442133.882638889,-48,-106,1.6,nakamura_1979_sm_locations,0,0
SM,,2442157.066145833,-37,42,0.9,nakamura_1979_sm_locations,0,0
SM,,2442239.5322916666,21,88,2.7,nakamura_1979_sm_locations,0,0
SM,,2442415.5708333333,29,-98,3.2,nakamura_1979_sm_locations,0,0
SM,,2442424.634837963,75,40,1.7,nakamura_1979_sm_locations,0,0
SM,,2442425.518287037,-2,-51,1.1,nakamura_1979_sm_locations,0,0
SM,,2442457.4193287035,-19,-26,1.4,nakamura_1979_sm_locations,0,0
SM,,2442539.775752315,-49,-45,1.3,nakamura_1979_sm_locations,0,0
SM,,2442560.478472222,3,-58,1.4,nakamura_1979_sm_locations,0,0
SM,,2442726.8284143517,-8,64,1.8,nakamura_1979_sm_locations,0,0
SM,,2442781.9714699076,50,30,1.8,nakamura_1979_sm_locations,0,0
SM,,2442789.8458912037,38,44,1.1,nakamura_1979_sm_locations,0,0
SM,,2442843.925462963,50,-20,2.3,nakamura_1979_sm_locations,0,0
SM,,2442846.112615741,-19,-12,1.8,nakamura_1979_sm_locations,0,0
SM,,2442915.022685185,77,-10,1.5,nakamura_1979_sm_locations,0,0
DM,9,2440554.996527778,-6.0,-19.7,0,levent.1008weber,1037.0,15.0
DM,8,2440555.769444444,-23.7,-35.5,0,levent.1008weber,1086.0,15.0
DM,1,2440566.3972222223,-15.7,-36.6,0,levent.1008weber,867.0,61.0
DM,6,2440567.5791666666,43.5,55.5,0,levent.1008weber,844.0,27.0
DM,1,2440568.80625,-15.7,-36.6,0,levent.1008weber,867.0,0
DM,5,2440568.8194444445,1.1,-44.7,0,levent.1008weber,933.0,24.0
DM,10,2440582.8777777776,-35.7,-40.3,0,levent.1008weber,988.0,26.0
DM,8,2440583.0694444445,-23.7,-35.5,0,levent.1008weber,1086.0,28.0
DM,1,2440593.061111111,-15.7,-36.6,0,levent.1008weber,867.0,52.0
DM,7,2440594.6944444445,25.0,53.2,0,levent.1008weber,893.0,30.0
DM,5,2440595.1944444445,1.1,-44.7,0,levent.1008weber,933.0,24.0
DM,1,2440595.5854166667,-15.7,-36.6,0,levent.1008weber,867.0,49.0
DM,3,2440595.7840277776,-2.9,-50.3,0,levent.1008weber,946.0,24.0
DM,6,2440595.813888889,43.5,55.5,0,levent.1008weber,844.0,20.0
DM,5,2440596.6729166666,1.1,-44.7,0,levent.1008weber,933.0,24.0
DM,1,2440597.4625,-15.7,-36.6,0,levent.1008weber,867.0,35.0
DM,9,2440609.129166667,-6.0,-19.7,0,levent.1008weber,1037.0,26.0
DM,8,2440610.652083333,-23.7,-35.5,0,levent.1008weber,1086.0,31.0
DM,7,2440615.511805556,25.0,53.2,0,levent.1008weber,893.0,33.0
DM,6,2440618.658333333,43.5,55.5,0,levent.1008weber,844.0,37.0
DM,1,2440620.1041666665,-15.7,-36.6,0,levent.1008weber,867.0,40.0
DM,7,2440620.138888889,25.0,53.2,0,levent.1008weber,893.0,50.0
DM,1,2440622.361111111,-15.7,-36.6,0,levent.1008weber,867.0,55.0
DM,6,2440622.6819444443,43.5,55.5,0,levent.1008weber,844.0,38.0
DM,3,2440623.8375,-2.9,-50.3,0,levent.1008weber,946.0,39.0
DM,1,2440624.564583333,-15.7,-36.6,0,levent.1008weber,867.0,47.0
DM,5,2440624.6430555554,1.1,-44.7,0,levent.1008weber,933.0,54.0
DM,10,2440635.520138889,-35.7,-40.3,0,levent.1008weber,988.0,41.0
DM,9,2440636.6652777777,-6.0,-19.7,0,levent.1008weber,1037.0,42.0
DM,8,2440638.175,-23.7,-35.5,0,levent.1008weber,1086.0,48.0
DM,7,2440644.1881944444,25.0,53.2,0,levent.1008weber,893.0,59.0
DM,1,2440647.577777778,-15.7,-36.6,0,levent.1008weber,867.0,58.0
DM,6,2440647.697222222,43.5,55.5,0,levent.1008weber,844.0,66.0
DM,7,2440648.8541666665,25.0,53.2,0,levent.1008weber,893.0,50.0
DM,1,2440649.6819444443,-15.7,-36.6,0,levent.1008weber,867.0,68.0
DM,1,2440651.4895833335,-15.7,-36.6,0,levent.1008weber,867.0,55.0
DM,5,2440652.398611111,1.1,-44.7,0,levent.1008weber,933.0,36.0
DM,1,2440653.454861111,-15.7,-36.6,0,levent.1008weber,867.0,35.0
DM,9,2440663.8743055556,-6.0,-19.7,0,levent.1008weber,1037.0,41.0
DM,8,2440665.747916667,-23.7,-35.5,0,levent.1008weber,1086.0,53.0
DM,7,2440675.940972222,25.0,53.2,0,levent.1008weber,893.0,50.0
DM,6,2440676.035416667,43.5,55.5,0,levent.1008weber,844.0,64.0
DM,1,2440676.236111111,-15.7,-36.6,0,levent.1008weber,867.0,75.0
DM,5,2440677.757638889,1.1,-44.7,0,levent.1008weber,933.0,39.0
DM,1,2440677.9111111113,-15.7,-36.6,0,levent.1008weber,867.0,43.0
DM,64,2440679.2104166667,30.1,53.2,0,levent.1008weber,975.0,32.0
DM,1,2440679.9506944446,-15.7,-36.6,0,levent.1008weber,867.0,76.0
DM,9,2440690.9458333333,-6.0,-19.7,0,levent.1008weber,1037.0,68.0
DM,7,2440702.8291666666,25.0,53.2,0,levent.1008weber,893.0,0
DM,1,2440703.103472222,-15.7,-36.6,0,levent.1008weber,867.0,0
DM,6,2440703.1333333333,43.5,55.5,0,levent.1008weber,844.0,44.0
DM,14,2440704.601388889,-29.6,-44.4,0,levent.1008weber,933.0,24.0
DM,1,2440704.95,-15.7,-36.6,0,levent.1008weber,867.0,27.0
DM,1,2440706.6201388887,-15.7,-36.6,0,levent.1008weber,867.0,37.0
DM,9,2440717.7958333334,-6.0,-19.7,0,levent.1008weber,1037.0,17.0
DM,8,2440720.665972222,-23.7,-35.5,0,levent.1008weber,1086.0,31.0
DM,13,2440721.9909722223,-19.1,-41.7,0,levent.1008weber,973.0,23.0
DM,1,2440730.047222222,-15.7,-36.6,0,levent.1008weber,867.0,67.0
DM,6,2440730.690972222,43.5,55.5,0,levent.1008weber,844.0,40.0
DM,1,2440732.0083333333,-15.7,-36.6,0,levent.1008weber,867.0,28.0
DM,9,2440745.015972222,-6.0,-19.7,0,levent.1008weber,1037.0,22.0
DM,10,2440748.4402777776,-35.7,-40.3,0,levent.1008weber,988.0,21.0
DM,13,2440749.954861111,-19.1,-41.7,0,levent.1008weber,973.0,30.0
DM,14,2440756.783333333,-29.6,-44.4,0,levent.1008weber,933.0,22.0
DM,7,2440757.39375,25.0,53.2,0,levent.1008weber,893.0,33.0
DM,1,2440757.5208333335,-15.7,-36.6,0,levent.1008weber,867.0,70.0
DM,6,2440759.177777778,43.5,55.5,0,levent.1008weber,844.0,29.0
DM,5,2440759.4736111113,1.1,-44.7,0,levent.1008weber,933.0,28.0
DM,3,2440759.629166667,-2.9,-50.3,0,levent.1008weber,946.0,19.0
DM,1,2440759.998611111,-15.7,-36.6,0,levent.1008weber,867.0,27.0
DM,1,2440761.527777778,-15.7,-36.6,0,levent.1008weber,867.0,25.0
DM,9,2440772.175,-6.0,-19.7,0,levent.1008weber,1037.0,20.0
DM,8,2440774.1375,-23.7,-35.5,0,levent.1008weber,1086.0,27.0
DM,13,2440776.25625,-19.1,-41.7,0,levent.1008weber,973.0,21.0
DM,65,2440779.7444444443,46.6,42.3,0,levent.1008weber,861.0,28.0
DM,7,2440781.159722222,25.0,53.2,0,levent.1008weber,893.0,40.0
DM,6,2440783.0875,43.5,55.5,0,levent.1008weber,844.0,29.0
DM,1,2440783.658333333,-15.7,-36.6,0,levent.1008weber,867.0,32.0
DM,14,2440784.565972222,-29.6,-44.4,0,levent.1008weber,933.0,25.0
DM,7,2440784.7097222223,25.0,53.2,0,levent.1008weber,893.0,33.0
DM,1,2440785.5229166667,-15.7,-36.6,0,levent.1008weber,867.0,37.0
DM,6,2440787.154166667,43.5,55.5,0,levent.1008weber,844.0,33.0
DM,5,2440787.970138889,1.1,-44.7,0,levent.1008weber,933.0,0
DM,1,2440787.988888889,-15.7,-36.6,0,levent.1008weber,867.0,56.0
DM,1,2440790.732638889,-15.7,-36.6,0,levent.1008weber,867.0,37.0
DM,9,2440799.50625,-6.0,-19.7,0,levent.1008weber,1037.0,16.0
DM,7,2440809.686111111,25.0,53.2,0,levent.1008weber,893.0,32.0
DM,7,2440812.6645833333,25.0,53.2,0,levent.1008weber,893.0,33.0
DM,1,2440813.2680555554,-15.7,-36.6,0,levent.1008weber,867.0,59.0
DM,6,2440815.15625,43.5,55.5,0,levent.1008weber,844.0,20.0
DM,1,2440815.7895833333,-15.7,-36.6,0,levent.1008weber,867.0,38.0
DM,5,2440816.029861111,1.1,-44.7,0,levent.1008weber,933.0,0
DM,3,2440816.234027778,-2.9,-50.3,0,levent.1008weber,946.0,98.0
DM,1,2440819.0541666667,-15.7,-36.6,0,levent.1008weber,867.0,27.0
DM,10,2440826.3527777777,-35.7,-40.3,0,levent.1008weber,988.0,42.0
DM,9,2440826.8333333335,-6.0,-19.7,0,levent.1008weber,1037.0,30.0
DM,8,2440830.140972222,-23.7,-35.5,0,levent.1008weber,1086.0,32.0
DM,7,2440837.95,25.0,53.2,0,levent.1008weber,893.0,24.0
DM,1,2440839.0069444445,-15.7,-36.6,0,levent.1008weber,867.0,35.0
DM,65,2440839.507638889,46.6,42.3,0,levent.1008weber,861.0,24.0
DM,1,2440840.842361111,-15.7,-36.6,0,levent.1008weber,867.0,42.0
DM,1,2440843.4604166667,-15.7,-36.6,0,levent.1008weber,867.0,37.0
DM,1,2440844.0395833333,-15.7,-36.6,0,levent.1008weber,867.0,28.0
DM,3,2440844.832638889,-2.9,-50.3,0,levent.1008weber,946.0,21.0
DM,5,2440847.1944444445,1.1,-44.7,0,levent.1008weber,933.0,30.0
DM,10,2440853.695138889,-35.7,-40.3,0,levent.1008weber,988.0,34.0
DM,9,2440854.222222222,-6.0,-19.7,0,levent.1008weber,1037.0,30.0
DM,8,2440858.388888889,-23.7,-35.5,0,levent.1008weber,1086.0,35.0
DM,7,2440866.1354166665,25.0,53.2,0,levent.1008weber,893.0,40.0
DM,1,2440866.7409722223,-15.7,-36.6,0,levent.1008weber,867.0,58.0
DM,64,2440868.470833333,30.1,53.2,0,levent.1008weber,975.0,27.0
DM,14,2440868.95,-29.6,-44.4,0,levent.1008weber,933.0,24.0
DM,1,2440870.9,-15.7,-36.6,0,levent.1008weber,867.0,44.0
DM,9,2440880.8583333334,-6.0,-19.7,0,levent.1008weber,1037.0,22.0
DM,8,2440885.715277778,-23.7,-35.5,0,levent.1008weber,1086.0,35.0
DM,7,2440893.8583333334,25.0,53.2,0,levent.1008weber,893.0,34.0
DM,1,2440894.2180555556,-15.7,-36.6,0,levent.1008weber,867.0,46.0
DM,6,2440894.482638889,43.5,55.5,0,levent.1008weber,844.0,23.0
DM,14,2440896.5930555556,-29.6,-44.4,0,levent.1008weber,933.0,31.0
DM,7,2440918.7506944444,25.0,53.2,0,levent.1008weber,893.0,29.0
DM,1,2440920.6069444446,-15.7,-36.6,0,levent.1008weber,867.0,41.0
DM,6,2440921.445138889,43.5,55.5,0,levent.1008weber,844.0,29.0
DM,1,2440922.672222222,-15.7,-36.6,0,levent.1008weber,867.0,37.0
DM,14,2440923.211111111,-29.6,-44.4,0,levent.1008weber,933.0,24.0
DM,1,2440924.1930555557,-15.7,-36.6,0,levent.1008weber,867.0,27.0
DM,1,2440948.3569444446,-15.7,-36.6,0,levent.1008weber,867.0,56.0
DM,7,2440948.4319444443,25.0,53.2,0,levent.1008weber,893.0,23.0
DM,6,2440949.3527777777,43.5,55.5,0,levent.1008weber,844.0,37.0
DM,1,2440950.1027777777,-15.7,-36.6,0,levent.1008weber,867.0,25.0
DM,5,2440950.1611111113,1.1,-44.7,0,levent.1008weber,933.0,23.0
DM,64,2440951.7041666666,30.1,53.2,0,levent.1008weber,975.0,26.0
DM,1,2440952.1534722224,-15.7,-36.6,0,levent.1008weber,867.0,49.0
DM,9,2440962.490277778,-6.0,-19.7,0,levent.1008weber,1037.0,24.0
DM,22,2440975.5694444445,21.6,43.6,0,levent.1008weber,788.0,30.0
DM,6,2440975.936111111,43.5,55.5,0,levent.1008weber,844.0,24.0
DM,1,2440980.1243055556,-15.7,-36.6,0,levent.1008weber,867.0,46.0
DM,25,2440990.277777778,35.1,59.8,0,levent.1008weber,924.0,35.0
DM,8,2440992.5756944446,-23.7,-35.5,0,levent.1008weber,1086.0,31.0
DM,18,2441002.50625,23.3,32.7,0,levent.1008weber,925.0,28.0
DM,26,2441002.550694444,14.3,5.2,0,levent.1008weber,1122.0,17.0
DM,22,2441002.9618055555,21.6,43.6,0,levent.1008weber,788.0,27.0
DM,1,2441003.1298611113,-15.7,-36.6,0,levent.1008weber,867.0,30.0
DM,6,2441003.975,43.5,55.5,0,levent.1008weber,844.0,21.0
DM,7,2441004.4118055557,25.0,53.2,0,levent.1008weber,893.0,23.0
DM,1,2441005.159722222,-15.7,-36.6,0,levent.1008weber,867.0,50.0
DM,6,2441006.795138889,43.5,55.5,0,levent.1008weber,844.0,28.0
DM,1,2441008.011805556,-15.7,-36.6,0,levent.1008weber,867.0,26.0
DM,3,2441009.7979166666,-2.9,-50.3,0,levent.1008weber,946.0,29.0
DM,5,2441011.563888889,1.1,-44.7,0,levent.1008weber,933.0,35.0
DM,25,2441017.4347222224,35.1,59.8,0,levent.1008weber,924.0,39.0
DM,8,2441021.2354166666,-23.7,-35.5,0,levent.1008weber,1086.0,41.0
DM,16,2441022.3916666666,7.5,6.3,0,levent.1008weber,1019.0,34.0
DM,18,2441030.359722222,23.3,32.7,0,levent.1008weber,925.0,32.0
DM,22,2441031.1319444445,21.6,43.6,0,levent.1008weber,788.0,25.0
DM,7,2441032.038888889,25.0,53.2,0,levent.1008weber,893.0,16.0
DM,1,2441032.186111111,-15.7,-36.6,0,levent.1008weber,867.0,37.0
DM,19,2441033.44375,27.7,34.4,0,levent.1008weber,974.0,26.0
DM,6,2441033.554861111,43.5,55.5,0,levent.1008weber,844.0,21.0
DM,1,2441034.384722222,-15.7,-36.6,0,levent.1008weber,867.0,41.0
DM,1,2441036.51875,-15.7,-36.6,0,levent.1008weber,867.0,38.0
DM,5,2441040.19375,1.1,-44.7,0,levent.1008weber,933.0,26.0
DM,10,2441042.765277778,-35.7,-40.3,0,levent.1008weber,988.0,23.0
DM,9,2441044.339583333,-6.0,-19.7,0,levent.1008weber,1037.0,33.0
DM,25,2441044.9444444445,35.1,59.8,0,levent.1008weber,924.0,30.0
DM,10,2441045.440972222,-35.7,-40.3,0,levent.1008weber,988.0,20.0
DM,8,2441045.757638889,-23.7,-35.5,0,levent.1008weber,1086.0,22.0
DM,9,2441046.0569444443,-6.0,-19.7,0,levent.1008weber,1037.0,23.0
DM,16,2441046.907638889,7.5,6.3,0,levent.1008weber,1019.0,23.0
DM,8,2441049.8777777776,-23.7,-35.5,0,levent.1008weber,1086.0,36.0
DM,26,2441057.138888889,14.3,5.2,0,levent.1008weber,1122.0,60.0
DM,18,2441058.2805555556,23.3,32.7,0,levent.1008weber,925.0,56.0
DM,22,2441058.7444444443,21.6,43.6,0,levent.1008weber,788.0,0
DM,1,2441058.7590277777,-15.7,-36.6,0,levent.1008weber,867.0,0
DM,7,2441059.861111111,25.0,53.2,0,levent.1008weber,893.0,30.0
DM,14,2441061.785416667,-29.6,-44.4,0,levent.1008weber,933.0,0
DM,1,2441061.8076388887,-15.7,-36.6,0,levent.1008weber,867.0,32.0
DM,19,2441062.01875,27.7,34.4,0,levent.1008weber,974.0,28.0
DM,9,2441071.861111111,-6.0,-19.7,0,levent.1008weber,1037.0,30.0
DM,10,2441071.896527778,-35.7,-40.3,0,levent.1008weber,988.0,24.0
DM,25,2441072.423611111,35.1,59.8,0,levent.1008weber,924.0,30.0
DM,9,2441073.3930555554,-6.0,-19.7,0,levent.1008weber,1037.0,24.0
DM,16,2441074.5145833334,7.5,6.3,0,levent.1008weber,1019.0,34.0
DM,28,2441074.6340277777,8.1,10.3,0,levent.1008weber,933.0,27.0
DM,18,2441084.167361111,23.3,32.7,0,levent.1008weber,925.0,27.0
DM,26,2441084.340277778,14.3,5.2,0,levent.1008weber,1122.0,40.0
DM,22,2441084.9006944443,21.6,43.6,0,levent.1008weber,788.0,28.0
DM,18,2441085.8798611113,23.3,32.7,0,levent.1008weber,925.0,0
DM,1,2441088.7333333334,-15.7,-36.6,0,levent.1008weber,867.0,44.0
DM,14,2441089.440972222,-29.6,-44.4,0,levent.1008weber,933.0,40.0
DM,29,2441098.184027778,53.4,60.9,0,levent.1008weber,1077.0,35.0
DM,10,2441098.5263888887,-35.7,-40.3,0,levent.1008weber,988.0,32.0
DM,9,2441099.060416667,-6.0,-19.7,0,levent.1008weber,1037.0,38.0
DM,9,2441100.3347222223,-6.0,-19.7,0,levent.1008weber,1037.0,38.0
DM,16,2441102.925,7.5,6.3,0,levent.1008weber,1019.0,43.0
DM,39,2441103.6555555556,-21.9,-12.7,0,levent.1008weber,933.0,31.0
DM,39,2441104.671527778,-21.9,-12.7,0,levent.1008weber,933.0,38.0
DM,7,2441111.49375,25.0,53.2,0,levent.1008weber,893.0,49.0
DM,18,2441111.5520833335,23.3,32.7,0,levent.1008weber,925.0,35.0
DM,18,2441111.607638889,23.3,32.7,0,levent.1008weber,925.0,55.0
DM,1,2441111.9284722223,-15.7,-36.6,0,levent.1008weber,867.0,73.0
DM,1,2441114.7763888887,-15.7,-36.6,0,levent.1008weber,867.0,47.0
DM,9,2441126.1298611113,-6.0,-19.7,0,levent.1008weber,1037.0,43.0
DM,9,2441127.515277778,-6.0,-19.7,0,levent.1008weber,1037.0,0
DM,16,2441130.6277777776,7.5,6.3,0,levent.1008weber,1019.0,36.0
DM,39,2441130.701388889,-21.9,-12.7,0,levent.1008weber,933.0,30.0
DM,39,2441131.611111111,-21.9,-12.7,0,levent.1008weber,933.0,38.0
DM,18,2441138.439583333,23.3,32.7,0,levent.1008weber,925.0,22.0
DM,7,2441138.7041666666,25.0,53.2,0,levent.1008weber,893.0,0
DM,22,2441138.722222222,21.6,43.6,0,levent.1008weber,788.0,30.0
DM,1,2441139.202777778,-15.7,-36.6,0,levent.1008weber,867.0,38.0
DM,18,2441140.293055556,23.3,32.7,0,levent.1008weber,925.0,23.0
DM,1,2441140.8069444443,-15.7,-36.6,0,levent.1008weber,867.0,23.0
DM,1,2441141.6458333335,-15.7,-36.6,0,levent.1008weber,867.0,15.0
DM,14,2441141.845833333,-29.6,-44.4,0,levent.1008weber,933.0,42.0
DM,19,2441143.492361111,27.7,34.4,0,levent.1008weber,974.0,26.0
DM,29,2441153.1791666667,53.4,60.9,0,levent.1008weber,1077.0,22.0
DM,9,2441153.390972222,-6.0,-19.7,0,levent.1008weber,1037.0,22.0
DM,9,2441154.8881944446,-6.0,-19.7,0,levent.1008weber,1037.0,31.0
DM,27,2441156.5416666665,23.0,20.4,0,levent.1008weber,1085.0,15.0
DM,16,2441157.6020833333,7.5,6.3,0,levent.1008weber,1019.0,28.0
DM,39,2441157.951388889,-21.9,-12.7,0,levent.1008weber,933.0,25.0
DM,39,2441158.872916667,-21.9,-12.7,0,levent.1008weber,933.0,23.0
DM,18,2441166.077777778,23.3,32.7,0,levent.1008weber,925.0,18.0
DM,1,2441167.8020833335,-15.7,-36.6,0,levent.1008weber,867.0,30.0
DM,7,2441168.061111111,25.0,53.2,0,levent.1008weber,893.0,27.0
DM,1,2441168.626388889,-15.7,-36.6,0,levent.1008weber,867.0,18.0
DM,14,2441169.152083333,-29.6,-44.4,0,levent.1008weber,933.0,31.0
DM,1,2441169.8055555555,-15.7,-36.6,0,levent.1008weber,867.0,45.0
DM,19,2441170.138888889,27.7,34.4,0,levent.1008weber,974.0,15.0
DM,10,2441180.5854166667,-35.7,-40.3,0,levent.1008weber,988.0,27.0
DM,9,2441180.8076388887,-6.0,-19.7,0,levent.1008weber,1037.0,27.0
DM,25,2441182.1333333333,35.1,59.8,0,levent.1008weber,924.0,28.0
DM,9,2441182.4319444443,-6.0,-19.7,0,levent.1008weber,1037.0,43.0
DM,8,2441183.8152777776,-23.7,-35.5,0,levent.1008weber,1086.0,36.0
DM,16,2441184.523611111,7.5,6.3,0,levent.1008weber,1019.0,31.0
DM,27,2441184.5708333333,23.0,20.4,0,levent.1008weber,1085.0,28.0
DM,39,2441185.511111111,-21.9,-12.7,0,levent.1008weber,933.0,27.0
DM,39,2441186.44375,-21.9,-12.7,0,levent.1008weber,933.0,36.0
DM,11,2441190.7548611113,9.2,17.5,0,levent.1008weber,1187.0,33.0
DM,18,2441193.215277778,23.3,32.7,0,levent.1008weber,925.0,40.0
DM,26,2441193.484722222,14.3,5.2,0,levent.1008weber,1122.0,27.0
DM,18,2441194.263888889,23.3,32.7,0,levent.1008weber,925.0,40.0
DM,7,2441195.215277778,25.0,53.2,0,levent.1008weber,893.0,30.0
DM,19,2441197.3465277776,27.7,34.4,0,levent.1008weber,974.0,26.0
DM,1,2441197.466666667,-15.7,-36.6,0,levent.1008weber,867.0,46.0
DM,29,2441208.4833333334,53.4,60.9,0,levent.1008weber,1077.0,34.0
DM,9,2441209.8694444443,-6.0,-19.7,0,levent.1008weber,1037.0,0
DM,34,2441209.9465277777,6.8,-7.2,0,levent.1008weber,971.0,27.0
DM,32,2441210.091666667,25.0,43.6,0,levent.1008weber,944.0,0
DM,28,2441210.2354166666,8.1,10.3,0,levent.1008weber,933.0,0
DM,25,2441210.2625,35.1,59.8,0,levent.1008weber,924.0,42.0
DM,16,2441211.970833333,7.5,6.3,0,levent.1008weber,1019.0,37.0
DM,8,2441212.922222222,-23.7,-35.5,0,levent.1008weber,1086.0,52.0
DM,39,2441213.140277778,-21.9,-12.7,0,levent.1008weber,933.0,33.0
DM,8,2441213.254166667,-23.7,-35.5,0,levent.1008weber,1086.0,0
DM,27,2441213.2729166667,23.0,20.4,0,levent.1008weber,1085.0,32.0
DM,33,2441215.790972222,5.1,115.8,0,levent.1008weber,877.0,24.0
DM,11,2441217.7916666665,9.2,17.5,0,levent.1008weber,1187.0,20.0
DM,26,2441220.589583333,14.3,5.2,0,levent.1008weber,1122.0,21.0
DM,18,2441220.8041666667,23.3,32.7,0,levent.1008weber,925.0,32.0
DM,35,2441221.623611111,5.0,36.1,0,levent.1008weber,933.0,0
DM,17,2441221.6305555557,25.5,-21.9,0,levent.1008weber,807.0,22.0
DM,38,2441221.675,7.8,43.3,0,levent.1008weber,1031.0,18.0
DM,18,2441222.1375,23.3,32.7,0,levent.1008weber,925.0,0
DM,22,2441222.3958333335,21.6,43.6,0,levent.1008weber,788.0,25.0
DM,7,2441223.534722222,25.0,53.2,0,levent.1008weber,893.0,20.0
DM,1,2441225.35625,-15.7,-36.6,0,levent.1008weber,867.0,17.0
DM,15,2441226.3041666667,0.7,-3.9,0,levent.1008weber,747.0,22.0
DM,34,2441237.75,6.8,-7.2,0,levent.1008weber,971.0,25.0
DM,25,2441237.9680555556,35.1,59.8,0,levent.1008weber,924.0,31.0
DM,32,2441238.090277778,25.0,43.6,0,levent.1008weber,944.0,20.0
DM,28,2441239.769444444,8.1,10.3,0,levent.1008weber,933.0,32.0
DM,16,2441240.445138889,7.5,6.3,0,levent.1008weber,1019.0,29.0
DM,39,2441241.8125,-21.9,-12.7,0,levent.1008weber,933.0,30.0
DM,27,2441242.086111111,23.0,20.4,0,levent.1008weber,1085.0,0
DM,8,2441243.8604166666,-23.7,-35.5,0,levent.1008weber,1086.0,36.0
DM,33,2441244.345138889,5.1,115.8,0,levent.1008weber,877.0,33.0
DM,11,2441245.8819444445,9.2,17.5,0,levent.1008weber,1187.0,30.0
DM,18,2441248.070138889,23.3,32.7,0,levent.1008weber,925.0,29.0
DM,18,2441250.10625,23.3,32.7,0,levent.1008weber,925.0,47.0
DM,22,2441250.2430555555,21.6,43.6,0,levent.1008weber,788.0,25.0
DM,1,2441250.5055555557,-15.7,-36.6,0,levent.1008weber,867.0,24.0
DM,14,2441253.909722222,-29.6,-44.4,0,levent.1008weber,933.0,40.0
DM,29,2441262.3041666667,53.4,60.9,0,levent.1008weber,1077.0,32.0
DM,30,2441263.0652777776,12.7,-35.7,0,levent.1008weber,931.0,36.0
DM,9,2441263.1694444446,-6.0,-19.7,0,levent.1008weber,1037.0,36.0
DM,9,2441264.6569444444,-6.0,-19.7,0,levent.1008weber,1037.0,0
DM,34,2441265.607638889,6.8,-7.2,0,levent.1008weber,971.0,55.0
DM,16,2441267.7708333335,7.5,6.3,0,levent.1008weber,1019.0,40.0
DM,39,2441268.324305556,-21.9,-12.7,0,levent.1008weber,933.0,33.0
DM,39,2441269.503472222,-21.9,-12.7,0,levent.1008weber,933.0,25.0
DM,27,2441270.550694444,23.0,20.4,0,levent.1008weber,1085.0,67.0
DM,33,2441272.3069444443,5.1,115.8,0,levent.1008weber,877.0,38.0
DM,8,2441273.68125,-23.7,-35.5,0,levent.1008weber,1086.0,49.0
DM,20,2441276.970138889,23.7,-31.4,0,levent.1008weber,945.0,33.0
DM,18,2441277.300694444,23.3,32.7,0,levent.1008weber,925.0,42.0
DM,1,2441278.722222222,-15.7,-36.6,0,levent.1008weber,867.0,30.0
DM,7,2441279.6027777777,25.0,53.2,0,levent.1008weber,893.0,0
DM,1,2441279.753472222,-15.7,-36.6,0,levent.1008weber,867.0,35.0
DM,1,2441280.8875,-15.7,-36.6,0,levent.1008weber,867.0,37.0
DM,14,2441281.78125,-29.6,-44.4,0,levent.1008weber,933.0,40.0
DM,29,2441289.93125,53.4,60.9,0,levent.1008weber,1077.0,34.0
DM,9,2441290.438888889,-6.0,-19.7,0,levent.1008weber,1037.0,33.0
DM,30,2441290.8173611113,12.7,-35.7,0,levent.1008weber,931.0,38.0
DM,9,2441291.7895833333,-6.0,-19.7,0,levent.1008weber,1037.0,33.0
DM,34,2441292.9951388887,6.8,-7.2,0,levent.1008weber,971.0,47.0
DM,16,2441295.095138889,7.5,6.3,0,levent.1008weber,1019.0,43.0
DM,39,2441295.5888888887,-21.9,-12.7,0,levent.1008weber,933.0,22.0
DM,27,2441298.840277778,23.0,20.4,0,levent.1008weber,1085.0,40.0
DM,33,2441299.515277778,5.1,115.8,0,levent.1008weber,877.0,28.0
DM,33,2441299.777083333,5.1,115.8,0,levent.1008weber,877.0,41.0
DM,32,2441300.603472222,25.0,43.6,0,levent.1008weber,944.0,41.0
DM,8,2441301.347222222,-23.7,-35.5,0,levent.1008weber,1086.0,50.0
DM,17,2441302.591666667,25.5,-21.9,0,levent.1008weber,807.0,53.0
DM,38,2441302.8993055555,7.8,43.3,0,levent.1008weber,1031.0,0
DM,18,2441303.172222222,23.3,32.7,0,levent.1008weber,925.0,0
DM,7,2441304.829861111,25.0,53.2,0,levent.1008weber,893.0,45.0
DM,1,2441306.5368055557,-15.7,-36.6,0,levent.1008weber,867.0,27.0
DM,1,2441307.1194444443,-15.7,-36.6,0,levent.1008weber,867.0,0
DM,14,2441308.1145833335,-29.6,-44.4,0,levent.1008weber,933.0,0
DM,18,2441309.4291666667,23.3,32.7,0,levent.1008weber,925.0,42.0
DM,15,2441311.7375,0.7,-3.9,0,levent.1008weber,747.0,38.0
DM,30,2441318.1166666667,12.7,-35.7,0,levent.1008weber,931.0,42.0
DM,9,2441318.8152777776,-6.0,-19.7,0,levent.1008weber,1037.0,36.0
DM,34,2441319.4819444446,6.8,-7.2,0,levent.1008weber,971.0,46.0
DM,16,2441324.4791666665,7.5,6.3,0,levent.1008weber,1019.0,50.0
DM,33,2441326.715277778,5.1,115.8,0,levent.1008weber,877.0,30.0
DM,35,2441328.7763888887,5.0,36.1,0,levent.1008weber,933.0,32.0
DM,17,2441329.8819444445,25.5,-21.9,0,levent.1008weber,807.0,35.0
DM,36,2441330.072222222,27.5,-4.6,0,levent.1008weber,1058.0,26.0
DM,18,2441330.6805555555,23.3,32.7,0,levent.1008weber,925.0,35.0
DM,7,2441331.6166666667,25.0,53.2,0,levent.1008weber,893.0,22.0
DM,37,2441333.03125,22.5,29.7,0,levent.1008weber,1343.0,35.0
DM,1,2441333.675,-15.7,-36.6,0,levent.1008weber,867.0,48.0
DM,14,2441335.0854166667,-29.6,-44.4,0,levent.1008weber,933.0,0
DM,19,2441335.7819444444,27.7,34.4,0,levent.1008weber,974.0,44.0
DM,15,2441339.0243055555,0.7,-3.9,0,levent.1008weber,747.0,45.0
DM,30,2441345.236111111,12.7,-35.7,0,levent.1008weber,931.0,30.0
DM,34,2441346.2409722223,6.8,-7.2,0,levent.1008weber,971.0,33.0
DM,39,2441349.297222222,-21.9,-12.7,0,levent.1008weber,933.0,37.0
DM,39,2441350.685416667,-21.9,-12.7,0,levent.1008weber,933.0,43.0
DM,16,2441351.5520833335,7.5,6.3,0,levent.1008weber,1019.0,55.0
DM,17,2441357.2430555555,25.5,-21.9,0,levent.1008weber,807.0,0
DM,18,2441358.4368055556,23.3,32.7,0,levent.1008weber,925.0,41.0
DM,37,2441360.1770833335,22.5,29.7,0,levent.1008weber,1343.0,25.0
DM,1,2441361.3916666666,-15.7,-36.6,0,levent.1008weber,867.0,31.0
DM,14,2441362.142361111,-29.6,-44.4,0,levent.1008weber,933.0,35.0
DM,19,2441362.439583333,27.7,34.4,0,levent.1008weber,974.0,27.0
DM,15,2441366.10625,0.7,-3.9,0,levent.1008weber,747.0,32.0
DM,9,2441371.297222222,-6.0,-19.7,0,levent.1008weber,1037.0,22.0
DM,30,2441372.313888889,12.7,-35.7,0,levent.1008weber,931.0,23.0
DM,34,2441373.7138888887,6.8,-7.2,0,levent.1008weber,971.0,22.0
DM,39,2441376.5,-21.9,-12.7,0,levent.1008weber,933.0,20.0
DM,39,2441377.876388889,-21.9,-12.7,0,levent.1008weber,933.0,26.0
DM,16,2441379.622916667,7.5,6.3,0,levent.1008weber,1019.0,28.0
DM,18,2441386.4131944445,23.3,32.7,0,levent.1008weber,925.0,25.0
DM,7,2441387.926388889,25.0,53.2,0,levent.1008weber,893.0,18.0
DM,19,2441389.85625,27.7,34.4,0,levent.1008weber,974.0,22.0
DM,14,2441389.959027778,-29.6,-44.4,0,levent.1008weber,933.0,34.0
DM,15,2441390.3895833334,0.7,-3.9,0,levent.1008weber,747.0,24.0
DM,20,2441397.959027778,23.7,-31.4,0,levent.1008weber,945.0,29.0
DM,9,2441398.9145833333,-6.0,-19.7,0,levent.1008weber,1037.0,33.0
DM,30,2441399.421527778,12.7,-35.7,0,levent.1008weber,931.0,43.0
DM,9,2441400.740277778,-6.0,-19.7,0,levent.1008weber,1037.0,29.0
DM,34,2441402.2395833335,6.8,-7.2,0,levent.1008weber,971.0,35.0
DM,39,2441404.285416667,-21.9,-12.7,0,levent.1008weber,933.0,34.0
DM,39,2441405.6881944444,-21.9,-12.7,0,levent.1008weber,933.0,34.0
DM,16,2441405.9833333334,7.5,6.3,0,levent.1008weber,1019.0,49.0
DM,33,2441408.970833333,5.1,115.8,0,levent.1008weber,877.0,32.0
DM,27,2441409.0256944443,23.0,20.4,0,levent.1008weber,1085.0,33.0
DM,17,2441409.9930555555,25.5,-21.9,0,levent.1008weber,807.0,30.0
DM,18,2441414.2583333333,23.3,32.7,0,levent.1008weber,925.0,33.0
DM,1,2441416.8659722223,-15.7,-36.6,0,levent.1008weber,867.0,28.0
DM,36,2441416.959027778,27.5,-4.6,0,levent.1008weber,1058.0,24.0
DM,19,2441417.777777778,27.7,34.4,0,levent.1008weber,974.0,30.0
DM,14,2441418.1027777777,-29.6,-44.4,0,levent.1008weber,933.0,32.0
DM,15,2441419.2555555557,0.7,-3.9,0,levent.1008weber,747.0,32.0
DM,15,2441422.2319444446,0.7,-3.9,0,levent.1008weber,747.0,36.0
DM,20,2441425.488194444,23.7,-31.4,0,levent.1008weber,945.0,37.0
DM,9,2441426.685416667,-6.0,-19.7,0,levent.1008weber,1037.0,43.0
DM,30,2441427.073611111,12.7,-35.7,0,levent.1008weber,931.0,39.0
DM,34,2441428.65,6.8,-7.2,0,levent.1008weber,971.0,59.0
DM,39,2441432.140277778,-21.9,-12.7,0,levent.1008weber,933.0,28.0
DM,16,2441432.295138889,7.5,6.3,0,levent.1008weber,1019.0,45.0
DM,39,2441433.673611111,-21.9,-12.7,0,levent.1008weber,933.0,40.0
DM,27,2441435.454861111,23.0,20.4,0,levent.1008weber,1085.0,0
DM,32,2441436.763888889,25.0,43.6,0,levent.1008weber,944.0,50.0
DM,33,2441437.28125,5.1,115.8,0,levent.1008weber,877.0,0
DM,18,2441438.9916666667,23.3,32.7,0,levent.1008weber,925.0,22.0
DM,18,2441441.9694444444,23.3,32.7,0,levent.1008weber,925.0,44.0
DM,21,2441442.839583333,-18.2,-50.8,0,levent.1008weber,1037.0,0
DM,36,2441445.1340277777,27.5,-4.6,0,levent.1008weber,1058.0,37.0
DM,19,2441445.9909722223,27.7,34.4,0,levent.1008weber,974.0,0
DM,14,2441446.0631944444,-29.6,-44.4,0,levent.1008weber,933.0,39.0
DM,15,2441448.8020833335,0.7,-3.9,0,levent.1008weber,747.0,0
DM,20,2441453.222916667,23.7,-31.4,0,levent.1008weber,945.0,0
DM,30,2441454.529166667,12.7,-35.7,0,levent.1008weber,931.0,0
DM,34,2441455.480555556,6.8,-7.2,0,levent.1008weber,971.0,48.0
DM,39,2441461.5847222223,-21.9,-12.7,0,levent.1008weber,933.0,0
DM,16,2441461.8930555554,7.5,6.3,0,levent.1008weber,1019.0,44.0
DM,27,2441463.7555555557,23.0,20.4,0,levent.1008weber,1085.0,32.0
DM,32,2441464.746527778,25.0,43.6,0,levent.1008weber,944.0,45.0
DM,17,2441465.2895833333,25.5,-21.9,0,levent.1008weber,807.0,0
DM,33,2441465.3034722223,5.1,115.8,0,levent.1008weber,877.0,53.0
DM,49,2441467.0534722223,8.6,-50.8,0,levent.1008weber,952.0,0
DM,20,2441467.745833333,23.7,-31.4,0,levent.1008weber,945.0,36.0
DM,18,2441469.347222222,23.3,32.7,0,levent.1008weber,925.0,0
DM,21,2441469.953472222,-18.2,-50.8,0,levent.1008weber,1037.0,42.0
DM,1,2441470.8430555556,-15.7,-36.6,0,levent.1008weber,867.0,36.0
DM,21,2441471.4006944443,-18.2,-50.8,0,levent.1008weber,1037.0,23.0
DM,1,2441471.7631944446,-15.7,-36.6,0,levent.1008weber,867.0,31.0
DM,14,2441474.1784722223,-29.6,-44.4,0,levent.1008weber,933.0,43.0
DM,40,2441476.092361111,-1.3,-10.3,0,levent.1008weber,867.0,32.0
DM,41,2441477.179861111,13.8,-29.2,0,levent.1008weber,847.0,0
DM,15,2441478.202777778,0.7,-3.9,0,levent.1008weber,747.0,38.0
DM,42,2441478.3645833335,22.2,-50.7,0,levent.1008weber,907.0,35.0
DM,20,2441480.9131944445,23.7,-31.4,0,levent.1008weber,945.0,65.0
DM,1,2441481.4916666667,-15.7,-36.6,0,levent.1008weber,867.0,32.0
DM,30,2441482.13125,12.7,-35.7,0,levent.1008weber,931.0,51.0
DM,9,2441483.159722222,-6.0,-19.7,0,levent.1008weber,1037.0,35.0
DM,34,2441483.275,6.8,-7.2,0,levent.1008weber,971.0,39.0
DM,16,2441489.957638889,7.5,6.3,0,levent.1008weber,1019.0,61.0
DM,27,2441491.665972222,23.0,20.4,0,levent.1008weber,1085.0,31.0
DM,17,2441492.574305556,25.5,-21.9,0,levent.1008weber,807.0,43.0
DM,33,2441492.892361111,5.1,115.8,0,levent.1008weber,877.0,65.0
DM,49,2441493.9229166666,8.6,-50.8,0,levent.1008weber,952.0,41.0
DM,18,2441496.163888889,23.3,32.7,0,levent.1008weber,925.0,54.0
DM,21,2441496.461111111,-18.2,-50.8,0,levent.1008weber,1037.0,31.0
DM,1,2441497.2451388887,-15.7,-36.6,0,levent.1008weber,867.0,22.0
DM,21,2441498.154861111,-18.2,-50.8,0,levent.1008weber,1037.0,32.0
DM,1,2441498.3256944446,-15.7,-36.6,0,levent.1008weber,867.0,41.0
DM,14,2441500.8833333333,-29.6,-44.4,0,levent.1008weber,933.0,48.0
DM,40,2441504.2395833335,-1.3,-10.3,0,levent.1008weber,867.0,45.0
DM,41,2441506.0965277776,13.8,-29.2,0,levent.1008weber,847.0,0
DM,15,2441507.2583333333,0.7,-3.9,0,levent.1008weber,747.0,58.0
DM,20,2441508.251388889,23.7,-31.4,0,levent.1008weber,945.0,58.0
DM,1,2441511.7125,-15.7,-36.6,0,levent.1008weber,867.0,49.0
DM,39,2441514.9597222223,-21.9,-12.7,0,levent.1008weber,933.0,18.0
DM,39,2441516.767361111,-21.9,-12.7,0,levent.1008weber,933.0,35.0
DM,16,2441517.622916667,7.5,6.3,0,levent.1008weber,1019.0,53.0
DM,17,2441520.0569444443,25.5,-21.9,0,levent.1008weber,807.0,38.0
DM,33,2441520.115277778,5.1,115.8,0,levent.1008weber,877.0,0
DM,49,2441521.0083333333,8.6,-50.8,0,levent.1008weber,952.0,28.0
DM,18,2441523.052777778,23.3,32.7,0,levent.1008weber,925.0,64.0
DM,21,2441523.2604166665,-18.2,-50.8,0,levent.1008weber,1037.0,45.0
DM,37,2441524.402083333,22.5,29.7,0,levent.1008weber,1343.0,0
DM,19,2441528.128472222,27.7,34.4,0,levent.1008weber,974.0,35.0
DM,40,2441532.0944444444,-1.3,-10.3,0,levent.1008weber,867.0,39.0
DM,41,2441534.0694444445,13.8,-29.2,0,levent.1008weber,847.0,20.0
DM,15,2441534.8256944446,0.7,-3.9,0,levent.1008weber,747.0,41.0
DM,20,2441535.440972222,23.7,-31.4,0,levent.1008weber,945.0,45.0
DM,30,2441536.277777778,12.7,-35.7,0,levent.1008weber,931.0,45.0
DM,34,2441537.4347222224,6.8,-7.2,0,levent.1008weber,971.0,39.0
DM,16,2441545.1534722224,7.5,6.3,0,levent.1008weber,1019.0,39.0
DM,33,2441547.136111111,5.1,115.8,0,levent.1008weber,877.0,0
DM,17,2441547.4895833335,25.5,-21.9,0,levent.1008weber,807.0,45.0
DM,18,2441550.377083333,23.3,32.7,0,levent.1008weber,925.0,57.0
DM,21,2441550.716666667,-18.2,-50.8,0,levent.1008weber,1037.0,28.0
DM,21,2441551.9909722223,-18.2,-50.8,0,levent.1008weber,1037.0,23.0
DM,19,2441554.6631944445,27.7,34.4,0,levent.1008weber,974.0,45.0
DM,40,2441558.865277778,-1.3,-10.3,0,levent.1008weber,867.0,39.0
DM,15,2441559.83125,0.7,-3.9,0,levent.1008weber,747.0,43.0
DM,41,2441560.9694444444,13.8,-29.2,0,levent.1008weber,847.0,24.0
DM,30,2441563.375,12.7,-35.7,0,levent.1008weber,931.0,40.0
DM,34,2441564.513888889,6.8,-7.2,0,levent.1008weber,971.0,20.0
DM,16,2441571.972916667,7.5,6.3,0,levent.1008weber,1019.0,19.0
DM,33,2441574.5694444445,5.1,115.8,0,levent.1008weber,877.0,30.0
DM,17,2441575.0284722224,25.5,-21.9,0,levent.1008weber,807.0,34.0
DM,20,2441576.829861111,23.7,-31.4,0,levent.1008weber,945.0,30.0
DM,18,2441578.092361111,23.3,32.7,0,levent.1008weber,925.0,27.0
DM,21,2441578.967361111,-18.2,-50.8,0,levent.1008weber,1037.0,47.0
DM,19,2441581.923611111,27.7,34.4,0,levent.1008weber,974.0,40.0
DM,14,2441582.101388889,-29.6,-44.4,0,levent.1008weber,933.0,44.0
DM,40,2441586.542361111,-1.3,-10.3,0,levent.1008weber,867.0,44.0
DM,41,2441587.4125,13.8,-29.2,0,levent.1008weber,847.0,31.0
DM,20,2441589.388888889,23.7,-31.4,0,levent.1008weber,945.0,45.0
DM,30,2441590.5805555554,12.7,-35.7,0,levent.1008weber,931.0,34.0
DM,34,2441592.0381944445,6.8,-7.2,0,levent.1008weber,971.0,45.0
DM,16,2441599.142361111,7.5,6.3,0,levent.1008weber,1019.0,45.0
DM,17,2441601.390277778,25.5,-21.9,0,levent.1008weber,807.0,38.0
DM,33,2441602.31875,5.1,115.8,0,levent.1008weber,877.0,51.0
DM,1,2441605.9423611113,-15.7,-36.6,0,levent.1008weber,867.0,23.0
DM,21,2441606.0048611113,-18.2,-50.8,0,levent.1008weber,1037.0,23.0
DM,18,2441606.061111111,23.3,32.7,0,levent.1008weber,925.0,27.0
DM,14,2441609.9125,-29.6,-44.4,0,levent.1008weber,933.0,26.0
DM,15,2441613.2784722224,0.7,-3.9,0,levent.1008weber,747.0,54.0
DM,41,2441614.0055555557,13.8,-29.2,0,levent.1008weber,847.0,42.0
DM,42,2441614.3215277777,22.2,-50.7,0,levent.1008weber,907.0,37.0
DM,20,2441616.935416667,23.7,-31.4,0,levent.1008weber,945.0,43.0
DM,30,2441617.967361111,12.7,-35.7,0,levent.1008weber,931.0,42.0
DM,34,2441620.19375,6.8,-7.2,0,levent.1008weber,971.0,41.0
DM,16,2441627.425,7.5,6.3,0,levent.1008weber,1019.0,28.0
DM,17,2441627.888888889,25.5,-21.9,0,levent.1008weber,807.0,20.0
DM,17,2441628.870833333,25.5,-21.9,0,levent.1008weber,807.0,26.0
DM,33,2441630.246527778,5.1,115.8,0,levent.1008weber,877.0,35.0
DM,21,2441633.961111111,-18.2,-50.8,0,levent.1008weber,1037.0,16.0
DM,18,2441634.120833333,23.3,32.7,0,levent.1008weber,925.0,21.0
DM,1,2441634.341666667,-15.7,-36.6,0,levent.1008weber,867.0,18.0
DM,14,2441638.515972222,-29.6,-44.4,0,levent.1008weber,933.0,17.0
DM,41,2441641.377083333,13.8,-29.2,0,levent.1008weber,847.0,17.0
DM,42,2441642.140972222,22.2,-50.7,0,levent.1008weber,907.0,27.0
DM,15,2441642.345833333,0.7,-3.9,0,levent.1008weber,747.0,31.0
DM,20,2441644.688888889,23.7,-31.4,0,levent.1008weber,945.0,23.0
DM,30,2441645.5222222223,12.7,-35.7,0,levent.1008weber,931.0,28.0
DM,34,2441647.5180555554,6.8,-7.2,0,levent.1008weber,971.0,24.0
DM,17,2441656.121527778,25.5,-21.9,0,levent.1008weber,807.0,27.0
DM,33,2441658.0618055556,5.1,115.8,0,levent.1008weber,877.0,21.0
DM,21,2441661.3354166667,-18.2,-50.8,0,levent.1008weber,1037.0,47.0
DM,18,2441661.75,23.3,32.7,0,levent.1008weber,925.0,50.0
DM,1,2441662.25,-15.7,-36.6,0,levent.1008weber,867.0,40.0
DM,40,2441668.732638889,-1.3,-10.3,0,levent.1008weber,867.0,45.0
DM,41,2441669.183333333,13.8,-29.2,0,levent.1008weber,847.0,36.0
DM,42,2441669.515972222,22.2,-50.7,0,levent.1008weber,907.0,52.0
DM,15,2441671.4090277776,0.7,-3.9,0,levent.1008weber,747.0,41.0
DM,20,2441672.3493055557,23.7,-31.4,0,levent.1008weber,945.0,32.0
DM,30,2441673.1875,12.7,-35.7,0,levent.1008weber,931.0,55.0
DM,1,2441674.9444444445,-15.7,-36.6,0,levent.1008weber,867.0,35.0
DM,17,2441683.980555556,25.5,-21.9,0,levent.1008weber,807.0,33.0
DM,33,2441685.613888889,5.1,115.8,0,levent.1008weber,877.0,34.0
DM,21,2441687.496527778,-18.2,-50.8,0,levent.1008weber,1037.0,25.0
DM,18,2441688.452777778,23.3,32.7,0,levent.1008weber,925.0,28.0
DM,1,2441688.734027778,-15.7,-36.6,0,levent.1008weber,867.0,33.0
DM,1,2441690.882638889,-15.7,-36.6,0,levent.1008weber,867.0,25.0
DM,14,2441694.2604166665,-29.6,-44.4,0,levent.1008weber,933.0,30.0
DM,41,2441696.6319444445,13.8,-29.2,0,levent.1008weber,847.0,10.0
DM,42,2441696.738888889,22.2,-50.7,0,levent.1008weber,907.0,19.0
DM,40,2441697.4368055556,-1.3,-10.3,0,levent.1008weber,867.0,27.0
DM,20,2441699.8368055555,23.7,-31.4,0,levent.1008weber,945.0,35.0
DM,15,2441699.9506944446,0.7,-3.9,0,levent.1008weber,747.0,21.0
DM,30,2441699.9736111113,12.7,-35.7,0,levent.1008weber,931.0,20.0
DM,1,2441702.5027777776,-15.7,-36.6,0,levent.1008weber,867.0,29.0
DM,33,2441712.923611111,5.1,115.8,0,levent.1008weber,877.0,30.0
DM,21,2441714.408333333,-18.2,-50.8,0,levent.1008weber,1037.0,23.0
DM,18,2441715.0770833334,23.3,32.7,0,levent.1008weber,925.0,19.0
DM,1,2441715.290972222,-15.7,-36.6,0,levent.1008weber,867.0,29.0
DM,21,2441716.228472222,-18.2,-50.8,0,levent.1008weber,1037.0,13.0
DM,42,2441724.18125,22.2,-50.7,0,levent.1008weber,907.0,19.0
DM,40,2441725.199305556,-1.3,-10.3,0,levent.1008weber,867.0,33.0
DM,30,2441726.875,12.7,-35.7,0,levent.1008weber,931.0,25.0
DM,20,2441727.1430555554,23.7,-31.4,0,levent.1008weber,945.0,24.0
DM,15,2441727.601388889,0.7,-3.9,0,levent.1008weber,747.0,24.0
DM,1,2441733.0375,-15.7,-36.6,0,levent.1008weber,867.0,26.0
DM,53,2441738.6819444443,-10.1,-39.2,0,levent.1008weber,933.0,33.0
DM,33,2441739.75625,5.1,115.8,0,levent.1008weber,877.0,46.0
DM,21,2441741.9951388887,-18.2,-50.8,0,levent.1008weber,1037.0,37.0
DM,18,2441742.24375,23.3,32.7,0,levent.1008weber,925.0,24.0
DM,1,2441742.8020833335,-15.7,-36.6,0,levent.1008weber,867.0,40.0
DM,42,2441751.0673611113,22.2,-50.7,0,levent.1008weber,907.0,18.0
DM,40,2441751.2763888887,-1.3,-10.3,0,levent.1008weber,867.0,37.0
DM,30,2441753.859722222,12.7,-35.7,0,levent.1008weber,931.0,32.0
DM,20,2441754.16875,23.7,-31.4,0,levent.1008weber,945.0,37.0
DM,53,2441765.765277778,-10.1,-39.2,0,levent.1008weber,933.0,23.0
DM,18,2441769.945138889,23.3,32.7,0,levent.1008weber,925.0,39.0
DM,1,2441770.777083333,-15.7,-36.6,0,levent.1008weber,867.0,41.0
DM,40,2441777.5,-1.3,-10.3,0,levent.1008weber,867.0,30.0
DM,42,2441778.003472222,22.2,-50.7,0,levent.1008weber,907.0,25.0
DM,41,2441779.361111111,13.8,-29.2,0,levent.1008weber,847.0,35.0
DM,15,2441780.8131944444,0.7,-3.9,0,levent.1008weber,747.0,54.0
DM,20,2441781.0631944444,23.7,-31.4,0,levent.1008weber,945.0,0
DM,30,2441781.293055556,12.7,-35.7,0,levent.1008weber,931.0,58.0
DM,53,2441792.7666666666,-10.1,-39.2,0,levent.1008weber,933.0,19.0
DM,33,2441794.1041666665,5.1,115.8,0,levent.1008weber,877.0,30.0
DM,20,2441794.3527777777,23.7,-31.4,0,levent.1008weber,945.0,35.0
DM,18,2441797.8,23.3,32.7,0,levent.1008weber,925.0,18.0
DM,21,2441798.1875,-18.2,-50.8,0,levent.1008weber,1037.0,20.0
DM,1,2441798.95625,-15.7,-36.6,0,levent.1008weber,867.0,23.0
DM,50,2441802.546527778,8.7,-53.4,0,levent.1008weber,828.0,23.0
DM,44,2441803.073611111,50.2,60.2,0,levent.1008weber,908.0,24.0
DM,54,2441804.0027777776,13.1,-52.4,0,levent.1008weber,933.0,21.0
DM,40,2441804.935416667,-1.3,-10.3,0,levent.1008weber,867.0,23.0
DM,42,2441805.5791666666,22.2,-50.7,0,levent.1008weber,907.0,26.0
DM,41,2441806.1555555556,13.8,-29.2,0,levent.1008weber,847.0,26.0
DM,15,2441807.8743055556,0.7,-3.9,0,levent.1008weber,747.0,21.0
DM,20,2441808.3152777776,23.7,-31.4,0,levent.1008weber,945.0,16.0
DM,30,2441808.620833333,12.7,-35.7,0,levent.1008weber,931.0,26.0
DM,1,2441810.296527778,-15.7,-36.6,0,levent.1008weber,867.0,23.0
DM,53,2441819.9875,-10.1,-39.2,0,levent.1008weber,933.0,28.0
DM,20,2441821.757638889,23.7,-31.4,0,levent.1008weber,945.0,59.0
DM,33,2441822.1479166667,5.1,115.8,0,levent.1008weber,877.0,47.0
DM,18,2441825.878472222,23.3,32.7,0,levent.1008weber,925.0,35.0
DM,21,2441826.4583333335,-18.2,-50.8,0,levent.1008weber,1037.0,35.0
DM,1,2441827.23125,-15.7,-36.6,0,levent.1008weber,867.0,27.0
DM,44,2441831.2333333334,50.2,60.2,0,levent.1008weber,908.0,44.0
DM,14,2441831.288888889,-29.6,-44.4,0,levent.1008weber,933.0,54.0
DM,54,2441831.6222222224,13.1,-52.4,0,levent.1008weber,933.0,34.0
DM,50,2441831.6493055555,8.7,-53.4,0,levent.1008weber,828.0,40.0
DM,40,2441832.9305555555,-1.3,-10.3,0,levent.1008weber,867.0,35.0
DM,42,2441833.0965277776,22.2,-50.7,0,levent.1008weber,907.0,36.0
DM,41,2441833.7097222223,13.8,-29.2,0,levent.1008weber,847.0,33.0
DM,15,2441835.6340277777,0.7,-3.9,0,levent.1008weber,747.0,32.0
DM,30,2441836.559027778,12.7,-35.7,0,levent.1008weber,931.0,45.0
DM,1,2441838.965277778,-15.7,-36.6,0,levent.1008weber,867.0,50.0
DM,56,2441846.3875,1.1,-20.6,0,levent.1008weber,933.0,42.0
DM,33,2441850.060416667,5.1,115.8,0,levent.1008weber,877.0,33.0
DM,18,2441853.507638889,23.3,32.7,0,levent.1008weber,925.0,29.0
DM,1,2441856.2569444445,-15.7,-36.6,0,levent.1008weber,867.0,45.0
DM,1,2441856.336111111,-15.7,-36.6,0,levent.1008weber,867.0,26.0
DM,44,2441859.232638889,50.2,60.2,0,levent.1008weber,908.0,35.0
DM,54,2441859.3354166667,13.1,-52.4,0,levent.1008weber,933.0,42.0
DM,14,2441859.497916667,-29.6,-44.4,0,levent.1008weber,933.0,43.0
DM,50,2441860.2368055554,8.7,-53.4,0,levent.1008weber,828.0,29.0
DM,42,2441860.36875,22.2,-50.7,0,levent.1008weber,907.0,64.0
DM,40,2441861.49375,-1.3,-10.3,0,levent.1008weber,867.0,0
DM,41,2441861.5125,13.8,-29.2,0,levent.1008weber,847.0,32.0
DM,30,2441863.5805555554,12.7,-35.7,0,levent.1008weber,931.0,39.0
DM,1,2441866.6298611113,-15.7,-36.6,0,levent.1008weber,867.0,33.0
DM,56,2441873.959027778,1.1,-20.6,0,levent.1008weber,933.0,29.0
DM,53,2441874.488888889,-10.1,-39.2,0,levent.1008weber,933.0,31.0
DM,33,2441877.7881944445,5.1,115.8,0,levent.1008weber,877.0,65.0
DM,18,2441880.4145833333,23.3,32.7,0,levent.1008weber,925.0,38.0
DM,21,2441881.4444444445,-18.2,-50.8,0,levent.1008weber,1037.0,40.0
DM,1,2441882.7097222223,-15.7,-36.6,0,levent.1008weber,867.0,28.0
DM,1,2441884.293055556,-15.7,-36.6,0,levent.1008weber,867.0,58.0
DM,44,2441887.409722222,50.2,60.2,0,levent.1008weber,908.0,30.0
DM,42,2441887.6694444446,22.2,-50.7,0,levent.1008weber,907.0,46.0
DM,50,2441888.123611111,8.7,-53.4,0,levent.1008weber,828.0,42.0
DM,41,2441889.5222222223,13.8,-29.2,0,levent.1008weber,847.0,28.0
DM,40,2441889.78125,-1.3,-10.3,0,levent.1008weber,867.0,45.0
DM,30,2441890.8180555557,12.7,-35.7,0,levent.1008weber,931.0,27.0
DM,1,2441894.715277778,-15.7,-36.6,0,levent.1008weber,867.0,30.0
DM,73,2441900.4541666666,21.1,-44.0,0,levent.1008weber,908.0,36.0
DM,53,2441901.497916667,-10.1,-39.2,0,levent.1008weber,933.0,33.0
DM,33,2441905.310416667,5.1,115.8,0,levent.1008weber,877.0,53.0
DM,21,2441907.03125,-18.2,-50.8,0,levent.1008weber,1037.0,35.0
DM,18,2441907.18125,23.3,32.7,0,levent.1008weber,925.0,29.0
DM,1,2441909.3194444445,-15.7,-36.6,0,levent.1008weber,867.0,30.0
DM,1,2441912.2159722224,-15.7,-36.6,0,levent.1008weber,867.0,49.0
DM,14,2441914.595833333,-29.6,-44.4,0,levent.1008weber,933.0,32.0
DM,42,2441914.9194444446,22.2,-50.7,0,levent.1008weber,907.0,36.0
DM,50,2441915.423611111,8.7,-53.4,0,levent.1008weber,828.0,35.0
DM,40,2441917.284722222,-1.3,-10.3,0,levent.1008weber,867.0,40.0
DM,20,2441918.4368055556,23.7,-31.4,0,levent.1008weber,945.0,41.0
DM,1,2441923.7569444445,-15.7,-36.6,0,levent.1008weber,867.0,50.0
DM,1,2441925.501388889,-15.7,-36.6,0,levent.1008weber,867.0,53.0
DM,53,2441927.5263888887,-10.1,-39.2,0,levent.1008weber,933.0,27.0
DM,73,2441927.577777778,21.1,-44.0,0,levent.1008weber,908.0,38.0
DM,20,2441930.4152777777,23.7,-31.4,0,levent.1008weber,945.0,22.0
DM,33,2441932.5833333335,5.1,115.8,0,levent.1008weber,877.0,40.0
DM,18,2441934.326388889,23.3,32.7,0,levent.1008weber,925.0,30.0
DM,1,2441935.957638889,-15.7,-36.6,0,levent.1008weber,867.0,21.0
DM,44,2441941.017361111,50.2,60.2,0,levent.1008weber,908.0,35.0
DM,14,2441941.4055555556,-29.6,-44.4,0,levent.1008weber,933.0,26.0
DM,42,2441942.034722222,22.2,-50.7,0,levent.1008weber,907.0,20.0
DM,50,2441942.534722222,8.7,-53.4,0,levent.1008weber,828.0,20.0
DM,40,2441943.9458333333,-1.3,-10.3,0,levent.1008weber,867.0,28.0
DM,30,2441944.7333333334,12.7,-35.7,0,levent.1008weber,931.0,24.0
DM,20,2441945.4916666667,23.7,-31.4,0,levent.1008weber,945.0,22.0
DM,1,2441953.2395833335,-15.7,-36.6,0,levent.1008weber,867.0,25.0
DM,53,2441955.456944444,-10.1,-39.2,0,levent.1008weber,933.0,22.0
DM,1,2441955.675,-15.7,-36.6,0,levent.1008weber,867.0,38.0
DM,33,2441959.5222222223,5.1,115.8,0,levent.1008weber,877.0,38.0
DM,21,2441962.33125,-18.2,-50.8,0,levent.1008weber,1037.0,33.0
DM,1,2441963.8805555557,-15.7,-36.6,0,levent.1008weber,867.0,27.0
DM,14,2441967.2666666666,-29.6,-44.4,0,levent.1008weber,933.0,51.0
DM,44,2441967.93125,50.2,60.2,0,levent.1008weber,908.0,49.0
DM,42,2441968.8916666666,22.2,-50.7,0,levent.1008weber,907.0,36.0
DM,40,2441970.1631944445,-1.3,-10.3,0,levent.1008weber,867.0,40.0
DM,41,2441971.0055555557,13.8,-29.2,0,levent.1008weber,847.0,32.0
DM,30,2441971.9875,12.7,-35.7,0,levent.1008weber,931.0,38.0
DM,20,2441972.297222222,23.7,-31.4,0,levent.1008weber,945.0,47.0
DM,20,2441984.8388888887,23.7,-31.4,0,levent.1008weber,945.0,42.0
DM,1,2441985.5416666665,-15.7,-36.6,0,levent.1008weber,867.0,60.0
DM,33,2441986.640277778,5.1,115.8,0,levent.1008weber,877.0,48.0
DM,18,2441989.6277777776,23.3,32.7,0,levent.1008weber,925.0,21.0
DM,21,2441990.8180555557,-18.2,-50.8,0,levent.1008weber,1037.0,32.0
DM,54,2441994.7902777777,13.1,-52.4,0,levent.1008weber,933.0,32.0
DM,44,2441995.388888889,50.2,60.2,0,levent.1008weber,908.0,40.0
DM,42,2441996.345833333,22.2,-50.7,0,levent.1008weber,907.0,37.0
DM,40,2441997.386805556,-1.3,-10.3,0,levent.1008weber,867.0,33.0
DM,30,2441999.033333333,12.7,-35.7,0,levent.1008weber,931.0,32.0
DM,1,2442003.8125,-15.7,-36.6,0,levent.1008weber,867.0,45.0
DM,20,2442012.18125,23.7,-31.4,0,levent.1008weber,945.0,39.0
DM,1,2442012.6069444446,-15.7,-36.6,0,levent.1008weber,867.0,51.0
DM,51,2442013.109722222,12.3,37.7,0,levent.1008weber,1125.0,102.0
DM,33,2442014.295138889,5.1,115.8,0,levent.1008weber,877.0,40.0
DM,18,2442017.9819444446,23.3,32.7,0,levent.1008weber,925.0,16.0
DM,21,2442019.5243055555,-18.2,-50.8,0,levent.1008weber,1037.0,25.0
DM,44,2442022.966666667,50.2,60.2,0,levent.1008weber,908.0,0
DM,50,2442023.0048611113,8.7,-53.4,0,levent.1008weber,828.0,33.0
DM,42,2442023.332638889,22.2,-50.7,0,levent.1008weber,907.0,41.0
DM,40,2442025.4638888887,-1.3,-10.3,0,levent.1008weber,867.0,37.0
DM,30,2442026.652777778,12.7,-35.7,0,levent.1008weber,931.0,40.0
DM,20,2442027.002083333,23.7,-31.4,0,levent.1008weber,945.0,27.0
DM,1,2442030.56875,-15.7,-36.6,0,levent.1008weber,867.0,41.0
DM,56,2442036.538888889,1.1,-20.6,0,levent.1008weber,933.0,24.0
DM,51,2442040.984722222,12.3,37.7,0,levent.1008weber,1125.0,42.0
DM,33,2442042.136111111,5.1,115.8,0,levent.1008weber,877.0,59.0
DM,18,2442046.1305555557,23.3,32.7,0,levent.1008weber,925.0,22.0
DM,21,2442048.257638889,-18.2,-50.8,0,levent.1008weber,1037.0,39.0
DM,44,2442051.033333333,50.2,60.2,0,levent.1008weber,908.0,32.0
DM,42,2442051.197222222,22.2,-50.7,0,levent.1008weber,907.0,26.0
DM,40,2442053.820138889,-1.3,-10.3,0,levent.1008weber,867.0,29.0
DM,30,2442054.158333333,12.7,-35.7,0,levent.1008weber,931.0,32.0
DM,20,2442054.847222222,23.7,-31.4,0,levent.1008weber,945.0,40.0
DM,1,2442061.0229166667,-15.7,-36.6,0,levent.1008weber,867.0,37.0
DM,51,2442068.9555555554,12.3,37.7,0,levent.1008weber,1125.0,34.0
DM,33,2442069.9375,5.1,115.8,0,levent.1008weber,877.0,50.0
DM,18,2442073.609027778,23.3,32.7,0,levent.1008weber,925.0,43.0
DM,59,2442076.0048611113,-9.5,-53.6,0,levent.1008weber,750.0,53.0
DM,42,2442078.5048611113,22.2,-50.7,0,levent.1008weber,907.0,43.0
DM,44,2442078.65625,50.2,60.2,0,levent.1008weber,908.0,25.0
DM,60,2442079.341666667,24.1,-52.2,0,levent.1008weber,750.0,43.0
DM,30,2442081.6770833335,12.7,-35.7,0,levent.1008weber,931.0,25.0
DM,40,2442081.845833333,-1.3,-10.3,0,levent.1008weber,867.0,32.0
DM,20,2442082.65,23.7,-31.4,0,levent.1008weber,945.0,44.0
DM,51,2442096.859722222,12.3,37.7,0,levent.1008weber,1125.0,42.0
DM,33,2442097.542361111,5.1,115.8,0,levent.1008weber,877.0,59.0
DM,18,2442100.4291666667,23.3,32.7,0,levent.1008weber,925.0,42.0
DM,59,2442103.058333333,-9.5,-53.6,0,levent.1008weber,750.0,31.0
DM,44,2442105.6222222224,50.2,60.2,0,levent.1008weber,908.0,0
DM,42,2442105.76875,22.2,-50.7,0,levent.1008weber,907.0,43.0
DM,60,2442106.9909722223,24.1,-52.2,0,levent.1008weber,750.0,38.0
DM,30,2442108.9305555555,12.7,-35.7,0,levent.1008weber,931.0,45.0
DM,40,2442109.2604166665,-1.3,-10.3,0,levent.1008weber,867.0,40.0
DM,20,2442110.267361111,23.7,-31.4,0,levent.1008weber,945.0,65.0
DM,33,2442124.738194444,5.1,115.8,0,levent.1008weber,877.0,47.0
DM,59,2442126.3722222224,-9.5,-53.6,0,levent.1008weber,750.0,29.0
DM,18,2442127.441666667,23.3,32.7,0,levent.1008weber,925.0,29.0
DM,21,2442129.248611111,-18.2,-50.8,0,levent.1008weber,1037.0,47.0
DM,44,2442132.103472222,50.2,60.2,0,levent.1008weber,908.0,51.0
DM,42,2442132.636111111,22.2,-50.7,0,levent.1008weber,907.0,39.0
DM,60,2442133.779861111,24.1,-52.2,0,levent.1008weber,750.0,37.0
DM,30,2442135.6819444443,12.7,-35.7,0,levent.1008weber,931.0,33.0
DM,40,2442135.8680555555,-1.3,-10.3,0,levent.1008weber,867.0,30.0
DM,20,2442137.324305556,23.7,-31.4,0,levent.1008weber,945.0,48.0
DM,1,2442147.409722222,-15.7,-36.6,0,levent.1008weber,867.0,22.0
DM,20,2442148.6645833333,23.7,-31.4,0,levent.1008weber,945.0,13.0
DM,33,2442151.492361111,5.1,115.8,0,levent.1008weber,877.0,101.0
DM,59,2442155.804861111,-9.5,-53.6,0,levent.1008weber,750.0,21.0
DM,44,2442159.048611111,50.2,60.2,0,levent.1008weber,908.0,30.0
DM,42,2442159.5881944443,22.2,-50.7,0,levent.1008weber,907.0,38.0
DM,50,2442160.154861111,8.7,-53.4,0,levent.1008weber,828.0,37.0
DM,60,2442160.304861111,24.1,-52.2,0,levent.1008weber,750.0,46.0
DM,40,2442162.525,-1.3,-10.3,0,levent.1008weber,867.0,44.0
DM,30,2442162.6729166666,12.7,-35.7,0,levent.1008weber,931.0,26.0
DM,40,2442163.0555555555,-1.3,-10.3,0,levent.1008weber,867.0,40.0
DM,20,2442163.8875,23.7,-31.4,0,levent.1008weber,945.0,67.0
DM,1,2442172.425,-15.7,-36.6,0,levent.1008weber,867.0,43.0
DM,1,2442175.3256944446,-15.7,-36.6,0,levent.1008weber,867.0,19.0
DM,33,2442178.254166667,5.1,115.8,0,levent.1008weber,877.0,30.0
DM,59,2442184.3493055557,-9.5,-53.6,0,levent.1008weber,750.0,24.0
DM,42,2442186.4465277777,22.2,-50.7,0,levent.1008weber,907.0,29.0
DM,44,2442186.6354166665,50.2,60.2,0,levent.1008weber,908.0,41.0
DM,60,2442187.140277778,24.1,-52.2,0,levent.1008weber,750.0,31.0
DM,50,2442187.470138889,8.7,-53.4,0,levent.1008weber,828.0,29.0
DM,40,2442189.8381944443,-1.3,-10.3,0,levent.1008weber,867.0,33.0
DM,30,2442189.892361111,12.7,-35.7,0,levent.1008weber,931.0,30.0
DM,20,2442190.7555555557,23.7,-31.4,0,levent.1008weber,945.0,52.0
DM,1,2442198.9916666667,-15.7,-36.6,0,levent.1008weber,867.0,62.0
DM,33,2442205.6618055557,5.1,115.8,0,levent.1008weber,877.0,37.0
DM,42,2442214.05625,22.2,-50.7,0,levent.1008weber,907.0,23.0
DM,44,2442214.5145833334,50.2,60.2,0,levent.1008weber,908.0,24.0
DM,50,2442215.0402777777,8.7,-53.4,0,levent.1008weber,828.0,22.0
DM,40,2442217.613194444,-1.3,-10.3,0,levent.1008weber,867.0,22.0
DM,20,2442218.2083333335,23.7,-31.4,0,levent.1008weber,945.0,40.0
DM,1,2442226.3388888887,-15.7,-36.6,0,levent.1008weber,867.0,32.0
DM,33,2442233.788888889,5.1,115.8,0,levent.1008weber,877.0,54.0
DM,42,2442241.738194444,22.2,-50.7,0,levent.1008weber,907.0,47.0
DM,50,2442242.1729166666,8.7,-53.4,0,levent.1008weber,828.0,61.0
DM,44,2442242.3055555555,50.2,60.2,0,levent.1008weber,908.0,55.0
DM,9,2442242.7583333333,-6.0,-19.7,0,levent.1008weber,1037.0,33.0
DM,30,2442245.0652777776,12.7,-35.7,0,levent.1008weber,931.0,26.0
DM,40,2442245.5256944443,-1.3,-10.3,0,levent.1008weber,867.0,33.0
DM,20,2442246.0534722223,23.7,-31.4,0,levent.1008weber,945.0,53.0
DM,33,2442262.0493055554,5.1,115.8,0,levent.1008weber,877.0,29.0
DM,42,2442269.2138888887,22.2,-50.7,0,levent.1008weber,907.0,47.0
DM,44,2442269.810416667,50.2,60.2,0,levent.1008weber,908.0,38.0
DM,40,2442273.2993055554,-1.3,-10.3,0,levent.1008weber,867.0,34.0
DM,20,2442273.91875,23.7,-31.4,0,levent.1008weber,945.0,47.0
DM,33,2442290.091666667,5.1,115.8,0,levent.1008weber,877.0,49.0
DM,42,2442296.2472222224,22.2,-50.7,0,levent.1008weber,907.0,24.0
DM,44,2442296.7722222223,50.2,60.2,0,levent.1008weber,908.0,23.0
DM,40,2442300.638888889,-1.3,-10.3,0,levent.1008weber,867.0,40.0
DM,20,2442301.6770833335,23.7,-31.4,0,levent.1008weber,945.0,35.0
DM,33,2442317.6826388887,5.1,115.8,0,levent.1008weber,877.0,57.0
DM,33,2442344.646527778,5.1,115.8,0,levent.1008weber,877.0,49.0
DM,1,2442363.009722222,-15.7,-36.6,0,levent.1008weber,867.0,36.0
DM,1,2442364.6652777777,-15.7,-36.6,0,levent.1008weber,867.0,32.0
DM,33,2442371.753472222,5.1,115.8,0,levent.1008weber,877.0,55.0
DM,33,2442371.9118055557,5.1,115.8,0,levent.1008weber,877.0,29.0
DM,20,2442382.1826388887,23.7,-31.4,0,levent.1008weber,945.0,37.0
DM,1,2442389.701388889,-15.7,-36.6,0,levent.1008weber,867.0,30.0
DM,1,2442391.490277778,-15.7,-36.6,0,levent.1008weber,867.0,14.0
DM,33,2442399.004166667,5.1,115.8,0,levent.1008weber,877.0,24.0
DM,42,2442404.95625,22.2,-50.7,0,levent.1008weber,907.0,38.0
DM,20,2442409.736111111,23.7,-31.4,0,levent.1008weber,945.0,55.0
DM,33,2442426.0555555555,5.1,115.8,0,levent.1008weber,877.0,40.0
DM,42,2442432.9972222224,22.2,-50.7,0,levent.1008weber,907.0,39.0
DM,9,2442433.7409722223,-6.0,-19.7,0,levent.1008weber,1037.0,48.0
DM,20,2442437.792361111,23.7,-31.4,0,levent.1008weber,945.0,0
DM,33,2442454.574305556,5.1,115.8,0,levent.1008weber,877.0,53.0
DM,42,2442460.351388889,22.2,-50.7,0,levent.1008weber,907.0,34.0
DM,9,2442460.967361111,-6.0,-19.7,0,levent.1008weber,1037.0,37.0
DM,6,2442471.575,43.5,55.5,0,levent.1008weber,844.0,42.0
DM,6,2442499.0493055554,43.5,55.5,0,levent.1008weber,844.0,39.0
DM,1,2442499.283333333,-15.7,-36.6,0,levent.1008weber,867.0,52.0
DM,5,2442500.654861111,1.1,-44.7,0,levent.1008weber,933.0,27.0
DM,1,2442525.996527778,-15.7,-36.6,0,levent.1008weber,867.0,70.0
DM,6,2442526.8388888887,43.5,55.5,0,levent.1008weber,844.0,37.0
DM,5,2442527.9506944446,1.1,-44.7,0,levent.1008weber,933.0,31.0
DM,1,2442529.814583333,-15.7,-36.6,0,levent.1008weber,867.0,32.0
DM,9,2442541.490277778,-6.0,-19.7,0,levent.1008weber,1037.0,24.0
DM,1,2442553.2277777777,-15.7,-36.6,0,levent.1008weber,867.0,0
DM,6,2442553.232638889,43.5,55.5,0,levent.1008weber,844.0,65.0
DM,1,2442555.1631944445,-15.7,-36.6,0,levent.1008weber,867.0,35.0
DM,71,2442572.877083333,-20.9,-16.8,0,levent.1008weber,933.0,27.0
DM,6,2442579.9659722224,43.5,55.5,0,levent.1008weber,844.0,39.0
DM,1,2442579.9951388887,-15.7,-36.6,0,levent.1008weber,867.0,27.0
DM,5,2442580.4972222224,1.1,-44.7,0,levent.1008weber,933.0,14.0
DM,1,2442581.4375,-15.7,-36.6,0,levent.1008weber,867.0,30.0
DM,71,2442600.765277778,-20.9,-16.8,0,levent.1008weber,933.0,28.0
DM,77,2442604.6416666666,24.6,-23.4,0,levent.1008weber,1419.0,26.0
DM,6,2442607.08125,43.5,55.5,0,levent.1008weber,844.0,23.0
DM,5,2442608.5618055556,1.1,-44.7,0,levent.1008weber,933.0,29.0
DM,71,2442629.1645833333,-20.9,-16.8,0,levent.1008weber,933.0,33.0
DM,77,2442632.345833333,24.6,-23.4,0,levent.1008weber,1419.0,32.0
DM,1,2442634.0444444446,-15.7,-36.6,0,levent.1008weber,867.0,36.0
DM,6,2442634.990277778,43.5,55.5,0,levent.1008weber,844.0,29.0
DM,5,2442636.4694444444,1.1,-44.7,0,levent.1008weber,933.0,24.0
DM,9,2442650.4006944443,-6.0,-19.7,0,levent.1008weber,1037.0,23.0
DM,71,2442657.5708333333,-20.9,-16.8,0,levent.1008weber,933.0,30.0
DM,77,2442660.2055555554,24.6,-23.4,0,levent.1008weber,1419.0,0
DM,1,2442662.9111111113,-15.7,-36.6,0,levent.1008weber,867.0,48.0
DM,5,2442664.2805555556,1.1,-44.7,0,levent.1008weber,933.0,41.0
DM,9,2442677.441666667,-6.0,-19.7,0,levent.1008weber,1037.0,22.0
DM,7,2442681.9770833333,25.0,53.2,0,levent.1008weber,893.0,28.0
DM,71,2442685.88125,-20.9,-16.8,0,levent.1008weber,933.0,24.0
DM,6,2442687.78125,43.5,55.5,0,levent.1008weber,844.0,25.0
DM,77,2442688.418055556,24.6,-23.4,0,levent.1008weber,1419.0,36.0
DM,1,2442688.765972222,-15.7,-36.6,0,levent.1008weber,867.0,57.0
DM,5,2442690.4604166667,1.1,-44.7,0,levent.1008weber,933.0,56.0
DM,1,2442690.824305556,-15.7,-36.6,0,levent.1008weber,867.0,58.0
DM,5,2442692.0520833335,1.1,-44.7,0,levent.1008weber,933.0,60.0
DM,1,2442692.5083333333,-15.7,-36.6,0,levent.1008weber,867.0,40.0
DM,9,2442704.5888888887,-6.0,-19.7,0,levent.1008weber,1037.0,27.0
DM,7,2442709.959027778,25.0,53.2,0,levent.1008weber,893.0,29.0
DM,7,2442715.595833333,25.0,53.2,0,levent.1008weber,893.0,42.0
DM,1,2442716.773611111,-15.7,-36.6,0,levent.1008weber,867.0,71.0
DM,6,2442717.292361111,43.5,55.5,0,levent.1008weber,844.0,59.0
DM,5,2442717.634722222,1.1,-44.7,0,levent.1008weber,933.0,26.0
DM,1,2442718.6069444446,-15.7,-36.6,0,levent.1008weber,867.0,31.0
DM,5,2442719.8270833334,1.1,-44.7,0,levent.1008weber,933.0,49.0
DM,1,2442720.496527778,-15.7,-36.6,0,levent.1008weber,867.0,45.0
DM,9,2442732.011111111,-6.0,-19.7,0,levent.1008weber,1037.0,0
DM,6,2442742.472222222,43.5,55.5,0,levent.1008weber,844.0,50.0
DM,1,2442743.757638889,-15.7,-36.6,0,levent.1008weber,867.0,39.0
DM,1,2442745.84375,-15.7,-36.6,0,levent.1008weber,867.0,45.0
DM,1,2442747.5534722223,-15.7,-36.6,0,levent.1008weber,867.0,28.0
DM,1,2442748.7784722224,-15.7,-36.6,0,levent.1008weber,867.0,44.0
DM,1,2442775.0319444444,-15.7,-36.6,0,levent.1008weber,867.0,16.0
DM,9,2442786.4319444443,-6.0,-19.7,0,levent.1008weber,1037.0,38.0
DM,8,2442787.611111111,-23.7,-35.5,0,levent.1008weber,1086.0,30.0
DM,1,2442797.895138889,-15.7,-36.6,0,levent.1008weber,867.0,47.0
DM,8,2442815.1944444445,-23.7,-35.5,0,levent.1008weber,1086.0,30.0
DM,1,2442825.204861111,-15.7,-36.6,0,levent.1008weber,867.0,30.0
DM,6,2442826.5993055557,43.5,55.5,0,levent.1008weber,844.0,57.0
DM,1,2442827.938888889,-15.7,-36.6,0,levent.1008weber,867.0,33.0
DM,9,2442840.6513888887,-6.0,-19.7,0,levent.1008weber,1037.0,37.0
DM,8,2442841.590277778,-23.7,-35.5,0,levent.1008weber,1086.0,40.0
DM,8,2442841.7902777777,-23.7,-35.5,0,levent.1008weber,1086.0,42.0
DM,97,2442844.6965277777,-8.4,17.9,0,levent.1008weber,989.0,37.0
DM,7,2442846.6319444445,25.0,53.2,0,levent.1008weber,893.0,40.0
DM,71,2442850.811111111,-20.9,-16.8,0,levent.1008weber,933.0,32.0
DM,7,2442851.0555555555,25.0,53.2,0,levent.1008weber,893.0,40.0
DM,1,2442853.503472222,-15.7,-36.6,0,levent.1008weber,867.0,55.0
DM,5,2442853.9520833334,1.1,-44.7,0,levent.1008weber,933.0,29.0
DM,6,2442854.640972222,43.5,55.5,0,levent.1008weber,844.0,47.0
DM,8,2442869.480555556,-23.7,-35.5,0,levent.1008weber,1086.0,16.0
DM,97,2442872.1125,-8.4,17.9,0,levent.1008weber,989.0,28.0
DM,6,2442878.605555556,43.5,55.5,0,levent.1008weber,844.0,33.0
DM,7,2442880.035416667,25.0,53.2,0,levent.1008weber,893.0,45.0
DM,1,2442880.170138889,-15.7,-36.6,0,levent.1008weber,867.0,25.0
DM,8,2442881.941666667,-23.7,-35.5,0,levent.1008weber,1086.0,26.0
DM,6,2442882.5944444444,43.5,55.5,0,levent.1008weber,844.0,44.0
DM,8,2442897.3333333335,-23.7,-35.5,0,levent.1008weber,1086.0,30.0
DM,97,2442899.550694444,-8.4,17.9,0,levent.1008weber,989.0,32.0
DM,1,2442906.648611111,-15.7,-36.6,0,levent.1008weber,867.0,26.0
DM,6,2442906.851388889,43.5,55.5,0,levent.1008weber,844.0,39.0
DM,7,2442908.1555555556,25.0,53.2,0,levent.1008weber,893.0,30.0
DM,70,2442909.813888889,34.8,63.0,0,levent.1008weber,1014.0,23.0
DM,9,2442922.175,-6.0,-19.7,0,levent.1008weber,1037.0,28.0
DM,8,2442925.173611111,-23.7,-35.5,0,levent.1008weber,1086.0,50.0
DM,97,2442926.801388889,-8.4,17.9,0,levent.1008weber,989.0,31.0
DM,7,2442932.4951388887,25.0,53.2,0,levent.1008weber,893.0,37.0
DM,1,2442934.535416667,-15.7,-36.6,0,levent.1008weber,867.0,54.0
DM,6,2442934.9520833334,43.5,55.5,0,levent.1008weber,844.0,0
DM,70,2442937.882638889,34.8,63.0,0,levent.1008weber,1014.0,34.0
DM,9,2442949.3125,-6.0,-19.7,0,levent.1008weber,1037.0,30.0
DM,8,2442952.7784722224,-23.7,-35.5,0,levent.1008weber,1086.0,49.0
DM,97,2442953.892361111,-8.4,17.9,0,levent.1008weber,989.0,33.0
DM,1,2442961.5569444443,-15.7,-36.6,0,levent.1008weber,867.0,53.0
DM,7,2442961.634722222,25.0,53.2,0,levent.1008weber,893.0,51.0
DM,6,2442961.954861111,43.5,55.5,0,levent.1008weber,844.0,55.0
DM,74,2442962.4631944443,34.7,60.1,0,levent.1008weber,1043.0,48.0
DM,5,2442962.954861111,1.1,-44.7,0,levent.1008weber,933.0,0
DM,1,2442963.672222222,-15.7,-36.6,0,levent.1008weber,867.0,52.0
DM,70,2442965.4423611113,34.8,63.0,0,levent.1008weber,1014.0,33.0
DM,25,2442974.972916667,35.1,59.8,0,levent.1008weber,924.0,29.0
DM,8,2442979.777777778,-23.7,-35.5,0,levent.1008weber,1086.0,40.0
DM,97,2442981.220138889,-8.4,17.9,0,levent.1008weber,989.0,33.0
DM,1,2442988.245833333,-15.7,-36.6,0,levent.1008weber,867.0,66.0
DM,7,2442988.690972222,25.0,53.2,0,levent.1008weber,893.0,40.0
DM,6,2442989.314583333,43.5,55.5,0,levent.1008weber,844.0,62.0
DM,74,2442989.470138889,34.7,60.1,0,levent.1008weber,1043.0,43.0
DM,1,2442990.6194444443,-15.7,-36.6,0,levent.1008weber,867.0,33.0
DM,82,2442990.6590277776,27.5,34.3,0,levent.1008weber,919.0,0
DM,1,2442992.234722222,-15.7,-36.6,0,levent.1008weber,867.0,42.0
DM,70,2442992.6826388887,34.8,63.0,0,levent.1008weber,1014.0,42.0
DM,25,2443002.923611111,35.1,59.8,0,levent.1008weber,924.0,40.0
DM,9,2443003.498611111,-6.0,-19.7,0,levent.1008weber,1037.0,30.0
DM,8,2443005.2743055555,-23.7,-35.5,0,levent.1008weber,1086.0,30.0
DM,97,2443008.5715277777,-8.4,17.9,0,levent.1008weber,989.0,37.0
DM,7,2443011.734027778,25.0,53.2,0,levent.1008weber,893.0,28.0
DM,1,2443016.101388889,-15.7,-36.6,0,levent.1008weber,867.0,54.0
DM,7,2443016.2472222224,25.0,53.2,0,levent.1008weber,893.0,34.0
DM,6,2443017.0305555556,43.5,55.5,0,levent.1008weber,844.0,46.0
DM,82,2443018.220138889,27.5,34.3,0,levent.1008weber,919.0,28.0
DM,5,2443018.3444444444,1.1,-44.7,0,levent.1008weber,933.0,0
DM,70,2443019.6020833333,34.8,63.0,0,levent.1008weber,1014.0,38.0
DM,1,2443020.2708333335,-15.7,-36.6,0,levent.1008weber,867.0,30.0
DM,25,2443030.533333333,35.1,59.8,0,levent.1008weber,924.0,47.0
DM,8,2443032.702777778,-23.7,-35.5,0,levent.1008weber,1086.0,33.0
DM,97,2443036.0069444445,-8.4,17.9,0,levent.1008weber,989.0,30.0
DM,1,2443042.2041666666,-15.7,-36.6,0,levent.1008weber,867.0,46.0
DM,86,2443043.70625,-40.9,-40.6,0,levent.1008weber,933.0,33.0
DM,7,2443043.859027778,25.0,53.2,0,levent.1008weber,893.0,3.0
DM,1,2443044.345833333,-15.7,-36.6,0,levent.1008weber,867.0,52.0
DM,6,2443046.185416667,43.5,55.5,0,levent.1008weber,844.0,33.0
DM,82,2443046.6277777776,27.5,34.3,0,levent.1008weber,919.0,31.0
DM,1,2443070.5576388887,-15.7,-36.6,0,levent.1008weber,867.0,57.0
DM,86,2443071.9381944444,-40.9,-40.6,0,levent.1008weber,933.0,29.0
DM,1,2443072.316666667,-15.7,-36.6,0,levent.1008weber,867.0,44.0
DM,6,2443074.2590277777,43.5,55.5,0,levent.1008weber,844.0,39.0
DM,1,2443074.566666667,-15.7,-36.6,0,levent.1008weber,867.0,49.0
DM,8,2443088.945138889,-23.7,-35.5,0,levent.1008weber,1086.0,39.0
DM,97,2443090.8125,-8.4,17.9,0,levent.1008weber,989.0,15.0
DM,1,2443098.125,-15.7,-36.6,0,levent.1008weber,867.0,60.0
DM,86,2443098.6708333334,-40.9,-40.6,0,levent.1008weber,933.0,29.0
DM,1,2443100.0708333333,-15.7,-36.6,0,levent.1008weber,867.0,43.0
DM,82,2443100.9444444445,27.5,34.3,0,levent.1008weber,919.0,40.0
DM,1,2443102.4444444445,-15.7,-36.6,0,levent.1008weber,867.0,50.0
DM,5,2443106.690972222,1.1,-44.7,0,levent.1008weber,933.0,40.0
DM,25,2443111.561111111,35.1,59.8,0,levent.1008weber,924.0,34.0
DM,9,2443112.7125,-6.0,-19.7,0,levent.1008weber,1037.0,39.0
DM,8,2443117.311111111,-23.7,-35.5,0,levent.1008weber,1086.0,32.0
DM,97,2443118.4347222224,-8.4,17.9,0,levent.1008weber,989.0,44.0
DM,86,2443127.7409722223,-40.9,-40.6,0,levent.1008weber,933.0,43.0
DM,1,2443129.0541666667,-15.7,-36.6,0,levent.1008weber,867.0,47.0
DM,25,2443139.5,35.1,59.8,0,levent.1008weber,924.0,45.0
DM,9,2443140.939583333,-6.0,-19.7,0,levent.1008weber,1037.0,37.0
DM,8,2443142.5048611113,-23.7,-35.5,0,levent.1008weber,1086.0,43.0
DM,97,2443145.6354166665,-8.4,17.9,0,levent.1008weber,989.0,30.0
DM,7,2443152.820138889,25.0,53.2,0,levent.1008weber,893.0,0
DM,1,2443152.84375,-15.7,-36.6,0,levent.1008weber,867.0,35.0
DM,86,2443155.3291666666,-40.9,-40.6,0,levent.1008weber,933.0,36.0
DM,1,2443155.7916666665,-15.7,-36.6,0,levent.1008weber,867.0,30.0
DM,29,2443166.502083333,53.4,60.9,0,levent.1008weber,1077.0,27.0
DM,9,2443166.6930555557,-6.0,-19.7,0,levent.1008weber,1037.0,22.0
DM,9,2443168.1611111113,-6.0,-19.7,0,levent.1008weber,1037.0,33.0
DM,114,2443168.3701388887,15.5,55.6,0,levent.1008weber,755.0,32.0
DM,8,2443168.886805556,-23.7,-35.5,0,levent.1008weber,1086.0,33.0
DM,16,2443169.0493055554,7.5,6.3,0,levent.1008weber,1019.0,34.0
DM,8,2443169.6104166666,-23.7,-35.5,0,levent.1008weber,1086.0,41.0
DM,97,2443173.0222222223,-8.4,17.9,0,levent.1008weber,989.0,23.0
DM,7,2443179.402777778,25.0,53.2,0,levent.1008weber,893.0,45.0
DM,1,2443179.699305556,-15.7,-36.6,0,levent.1008weber,867.0,53.0
DM,82,2443181.648611111,27.5,34.3,0,levent.1008weber,919.0,26.0
DM,1,2443183.2055555554,-15.7,-36.6,0,levent.1008weber,867.0,34.0
DM,29,2443193.9305555555,53.4,60.9,0,levent.1008weber,1077.0,0
DM,9,2443195.341666667,-6.0,-19.7,0,levent.1008weber,1037.0,33.0
DM,8,2443195.996527778,-23.7,-35.5,0,levent.1008weber,1086.0,35.0
DM,8,2443196.246527778,-23.7,-35.5,0,levent.1008weber,1086.0,35.0
DM,16,2443196.5888888887,7.5,6.3,0,levent.1008weber,1019.0,32.0
DM,97,2443200.232638889,-8.4,17.9,0,levent.1008weber,989.0,25.0
DM,99,2443204.4625,10.0,22.8,0,levent.1008weber,989.0,29.0
DM,1,2443207.0145833334,-15.7,-36.6,0,levent.1008weber,867.0,44.0
DM,74,2443207.788888889,34.7,60.1,0,levent.1008weber,1043.0,34.0
DM,6,2443208.011111111,43.5,55.5,0,levent.1008weber,844.0,39.0
DM,1,2443208.9291666667,-15.7,-36.6,0,levent.1008weber,867.0,0
DM,82,2443209.394444444,27.5,34.3,0,levent.1008weber,919.0,27.0
DM,1,2443210.5833333335,-15.7,-36.6,0,levent.1008weber,867.0,60.0
DM,29,2443221.2159722224,53.4,60.9,0,levent.1008weber,1077.0,34.0
DM,114,2443222.5,15.5,55.6,0,levent.1008weber,755.0,30.0
DM,9,2443222.801388889,-6.0,-19.7,0,levent.1008weber,1037.0,18.0
DM,97,2443227.6923611113,-8.4,17.9,0,levent.1008weber,989.0,33.0
DM,99,2443231.4326388887,10.0,22.8,0,levent.1008weber,989.0,0
DM,7,2443233.3215277777,25.0,53.2,0,levent.1008weber,893.0,42.0
DM,8,2443234.320138889,-23.7,-35.5,0,levent.1008weber,1086.0,34.0
DM,7,2443235.1298611113,25.0,53.2,0,levent.1008weber,893.0,53.0
DM,1,2443235.236111111,-15.7,-36.6,0,levent.1008weber,867.0,0
DM,107,2443235.9944444443,41.0,53.4,0,levent.1008weber,893.0,38.0
DM,1,2443236.1569444444,-15.7,-36.6,0,levent.1008weber,867.0,54.0
DM,82,2443237.938888889,27.5,34.3,0,levent.1008weber,919.0,58.0
DM,9,2443248.5881944443,-6.0,-19.7,0,levent.1008weber,1037.0,33.0
DM,32,2443249.167361111,25.0,43.6,0,levent.1008weber,944.0,19.0
DM,8,2443249.7291666665,-23.7,-35.5,0,levent.1008weber,1086.0,30.0
DM,9,2443250.3347222223,-6.0,-19.7,0,levent.1008weber,1037.0,0
DM,8,2443251.216666667,-23.7,-35.5,0,levent.1008weber,1086.0,38.0
DM,8,2443251.7055555554,-23.7,-35.5,0,levent.1008weber,1086.0,24.0
DM,33,2443254.0243055555,5.1,115.8,0,levent.1008weber,877.0,11.0
DM,96,2443254.392361111,6.2,11.9,0,levent.1008weber,794.0,30.0
DM,97,2443255.259722222,-8.4,17.9,0,levent.1008weber,989.0,41.0
DM,8,2443261.923611111,-23.7,-35.5,0,levent.1008weber,1086.0,0
DM,8,2443261.970138889,-23.7,-35.5,0,levent.1008weber,1086.0,23.0
DM,1,2443262.063888889,-15.7,-36.6,0,levent.1008weber,867.0,48.0
DM,7,2443262.7895833333,25.0,53.2,0,levent.1008weber,893.0,22.0
DM,107,2443264.052777778,41.0,53.4,0,levent.1008weber,893.0,0
DM,82,2443265.3701388887,27.5,34.3,0,levent.1008weber,919.0,37.0
DM,1,2443266.502083333,-15.7,-36.6,0,levent.1008weber,867.0,27.0
DM,8,2443276.032638889,-23.7,-35.5,0,levent.1008weber,1086.0,33.0
DM,25,2443276.269444444,35.1,59.8,0,levent.1008weber,924.0,52.0
DM,8,2443276.45625,-23.7,-35.5,0,levent.1008weber,1086.0,23.0
DM,32,2443277.775,25.0,43.6,0,levent.1008weber,944.0,24.0
DM,8,2443278.034722222,-23.7,-35.5,0,levent.1008weber,1086.0,0
DM,16,2443278.1618055557,7.5,6.3,0,levent.1008weber,1019.0,37.0
DM,27,2443279.5027777776,23.0,20.4,0,levent.1008weber,1085.0,36.0
DM,8,2443279.5680555557,-23.7,-35.5,0,levent.1008weber,1086.0,32.0
DM,8,2443279.954861111,-23.7,-35.5,0,levent.1008weber,1086.0,60.0
DM,8,2443280.0006944444,-23.7,-35.5,0,levent.1008weber,1086.0,29.0
DM,96,2443282.220138889,6.2,11.9,0,levent.1008weber,794.0,33.0
DM,33,2443282.30625,5.1,115.8,0,levent.1008weber,877.0,59.0
DM,97,2443282.757638889,-8.4,17.9,0,levent.1008weber,989.0,39.0
DM,11,2443282.9770833333,9.2,17.5,0,levent.1008weber,1187.0,38.0
DM,99,2443284.158333333,10.0,22.8,0,levent.1008weber,989.0,37.0
DM,8,2443287.490277778,-23.7,-35.5,0,levent.1008weber,1086.0,24.0
DM,26,2443288.204861111,14.3,5.2,0,levent.1008weber,1122.0,30.0
DM,18,2443289.4930555555,23.3,32.7,0,levent.1008weber,925.0,40.0
DM,8,2443289.809027778,-23.7,-35.5,0,levent.1008weber,1086.0,35.0
DM,7,2443290.8229166665,25.0,53.2,0,levent.1008weber,893.0,25.0
DM,1,2443291.004166667,-15.7,-36.6,0,levent.1008weber,867.0,39.0
DM,1,2443292.9833333334,-15.7,-36.6,0,levent.1008weber,867.0,39.0
DM,82,2443293.145138889,27.5,34.3,0,levent.1008weber,919.0,19.0
DM,25,2443304.345833333,35.1,59.8,0,levent.1008weber,924.0,62.0
DM,32,2443305.8506944445,25.0,43.6,0,levent.1008weber,944.0,10.0
DM,16,2443306.620833333,7.5,6.3,0,levent.1008weber,1019.0,46.0
DM,8,2443307.051388889,-23.7,-35.5,0,levent.1008weber,1086.0,0
DM,39,2443308.0069444445,-21.9,-12.7,0,levent.1008weber,933.0,0
DM,27,2443308.029166667,23.0,20.4,0,levent.1008weber,1085.0,48.0
DM,96,2443310.0284722224,6.2,11.9,0,levent.1008weber,794.0,34.0
DM,33,2443310.440972222,5.1,115.8,0,levent.1008weber,877.0,55.0
DM,97,2443310.7958333334,-8.4,17.9,0,levent.1008weber,989.0,44.0
DM,99,2443312.54375,10.0,22.8,0,levent.1008weber,989.0,27.0
DM,11,2443312.7125,9.2,17.5,0,levent.1008weber,1187.0,24.0
DM,26,2443315.120833333,14.3,5.2,0,levent.1008weber,1122.0,41.0
DM,8,2443315.313888889,-23.7,-35.5,0,levent.1008weber,1086.0,23.0
DM,18,2443317.2861111113,23.3,32.7,0,levent.1008weber,925.0,28.0
DM,1,2443317.597916667,-15.7,-36.6,0,levent.1008weber,867.0,0
DM,7,2443318.8333333335,25.0,53.2,0,levent.1008weber,893.0,25.0
DM,1,2443319.117361111,-15.7,-36.6,0,levent.1008weber,867.0,41.0
DM,1,2443320.48125,-15.7,-36.6,0,levent.1008weber,867.0,32.0
DM,14,2443320.920138889,-29.6,-44.4,0,levent.1008weber,933.0,25.0
DM,82,2443321.686111111,27.5,34.3,0,levent.1008weber,919.0,0
DM,25,2443332.472916667,35.1,59.8,0,levent.1008weber,924.0,36.0
DM,32,2443333.711111111,25.0,43.6,0,levent.1008weber,944.0,32.0
DM,39,2443335.365277778,-21.9,-12.7,0,levent.1008weber,933.0,24.0
DM,8,2443335.8958333335,-23.7,-35.5,0,levent.1008weber,1086.0,87.0
DM,27,2443335.998611111,23.0,20.4,0,levent.1008weber,1085.0,21.0
DM,99,2443336.347916667,10.0,22.8,0,levent.1008weber,989.0,36.0
DM,100,2443336.404861111,-2.0,32.2,0,levent.1008weber,920.0,20.0
DM,8,2443336.975,-23.7,-35.5,0,levent.1008weber,1086.0,10.0
DM,96,2443337.6611111113,6.2,11.9,0,levent.1008weber,794.0,18.0
DM,8,2443338.101388889,-23.7,-35.5,0,levent.1008weber,1086.0,49.0
DM,97,2443338.6569444444,-8.4,17.9,0,levent.1008weber,989.0,39.0
DM,11,2443340.0083333333,9.2,17.5,0,levent.1008weber,1187.0,23.0
DM,8,2443343.546527778,-23.7,-35.5,0,levent.1008weber,1086.0,43.0
DM,18,2443344.361111111,23.3,32.7,0,levent.1008weber,925.0,60.0
DM,1,2443345.9854166666,-15.7,-36.6,0,levent.1008weber,867.0,0
DM,7,2443345.998611111,25.0,53.2,0,levent.1008weber,893.0,2.0
DM,1,2443346.8993055555,-15.7,-36.6,0,levent.1008weber,867.0,0
DM,14,2443348.6569444444,-29.6,-44.4,0,levent.1008weber,933.0,44.0
DM,82,2443349.722916667,27.5,34.3,0,levent.1008weber,919.0,39.0
DM,8,2443358.1041666665,-23.7,-35.5,0,levent.1008weber,1086.0,30.0
DM,25,2443360.1222222224,35.1,59.8,0,levent.1008weber,924.0,34.0
DM,16,2443361.675,7.5,6.3,0,levent.1008weber,1019.0,33.0
DM,100,2443364.8805555557,-2.0,32.2,0,levent.1008weber,920.0,42.0
DM,96,2443364.952777778,6.2,11.9,0,levent.1008weber,794.0,36.0
DM,33,2443365.673611111,5.1,115.8,0,levent.1008weber,877.0,60.0
DM,99,2443365.809027778,10.0,22.8,0,levent.1008weber,989.0,45.0
DM,8,2443366.5006944444,-23.7,-35.5,0,levent.1008weber,1086.0,29.0
DM,8,2443367.357638889,-23.7,-35.5,0,levent.1008weber,1086.0,35.0
DM,8,2443369.202777778,-23.7,-35.5,0,levent.1008weber,1086.0,18.0
DM,8,2443370.420138889,-23.7,-35.5,0,levent.1008weber,1086.0,0
DM,1,2443373.201388889,-15.7,-36.6,0,levent.1008weber,867.0,50.0
DM,7,2443373.2430555555,25.0,53.2,0,levent.1008weber,893.0,30.0
DM,14,2443375.4402777776,-29.6,-44.4,0,levent.1008weber,933.0,41.0
DM,1,2443375.55625,-15.7,-36.6,0,levent.1008weber,867.0,49.0
DM,8,2443386.199305556,-23.7,-35.5,0,levent.1008weber,1086.0,28.0
DM,16,2443390.4444444445,7.5,6.3,0,levent.1008weber,1019.0,40.0
DM,99,2443395.0569444443,10.0,22.8,0,levent.1008weber,989.0,38.0
DM,8,2443396.43125,-23.7,-35.5,0,levent.1008weber,1086.0,29.0
DM,8,2443396.5131944446,-23.7,-35.5,0,levent.1008weber,1086.0,0
DM,18,2443397.3118055556,23.3,32.7,0,levent.1008weber,925.0,41.0
DM,1,2443397.948611111,-15.7,-36.6,0,levent.1008weber,867.0,44.0
DM,1,2443400.4631944443,-15.7,-36.6,0,levent.1008weber,867.0,59.0
DM,8,2443413.94375,-23.7,-35.5,0,levent.1008weber,1086.0,31.0